job_id,vendor_id,consumer_name,date,start_time,end_time,price,type,duration_minutes,status
1,1,"Rutha Bishop",2026-02-01,07:00,11:00,1200,"Water Heater Install",240,9
2,1,"Katlyn Knapp",2026-02-01,12:18,13:18,180,"Drain Cleaning",60,9
3,1,"Otha Green",2026-02-01,14:03,18:03,1200,"Water Heater Install",240,9
4,1,"Olga Gates",2026-02-05,07:00,08:00,180,"Drain Cleaning",60,9
5,1,"Sindy Frazier",2026-02-05,09:03,13:03,1200,"Water Heater Install",240,9
6,1,"Marilee Kerr",2026-02-05,14:16,15:46,150,"Plumbing Repair",90,9
7,1,"Malinda Munoz",2026-02-07,07:00,08:00,180,"Drain Cleaning",60,9
8,1,"Paige Fitzgerald",2026-02-07,09:16,10:16,180,"Drain Cleaning",60,9
9,1,"Cecile Alexander",2026-02-07,11:40,13:40,220,"Pipe Leak Fix",120,9
10,1,"Fay Anderson",2026-02-11,07:00,09:00,220,"Pipe Leak Fix",120,9
11,1,"Vickie Hoffman",2026-02-11,10:16,14:16,1200,"Water Heater Install",240,9
12,1,"Vesta Kerr",2026-02-11,15:36,16:36,180,"Drain Cleaning",60,9
13,1,"Hattie Moore",2026-02-15,07:00,08:30,150,"Plumbing Repair",90,8
14,1,"Sonia Rogers",2026-02-15,09:40,11:10,150,"Plumbing Repair",90,9
15,1,"Jama Wheeler",2026-02-15,12:13,13:43,150,"Plumbing Repair",90,5
16,1,"Macy Young",2026-02-15,14:28,15:28,180,"Drain Cleaning",60,9
17,1,"Dominique Kerr",2026-02-16,07:00,08:00,180,"Drain Cleaning",60,7
18,1,"Lenna Smith",2026-02-16,08:49,09:49,180,"Drain Cleaning",60,6
19,1,"Alfredo James",2026-02-16,11:11,15:11,1200,"Water Heater Install",240,8
20,1,"Morgan Evans",2026-02-16,16:21,17:51,150,"Plumbing Repair",90,5
21,1,"Nellie Padilla",2026-02-17,07:00,11:00,1200,"Water Heater Install",240,5
22,1,"Braden Coleman",2026-02-17,12:30,14:30,220,"Pipe Leak Fix",120,8
23,1,"Rheta Austin",2026-02-18,07:00,08:00,180,"Drain Cleaning",60,5
24,1,"Effie Chavez",2026-02-18,08:49,10:19,150,"Plumbing Repair",90,5
25,1,"Ida Gardner",2026-02-18,11:31,15:31,1200,"Water Heater Install",240,5
26,1,"Xavier Odom",2026-02-19,07:00,08:00,180,"Drain Cleaning",60,7
27,1,"Maria Hamilton",2026-02-19,09:12,10:42,150,"Plumbing Repair",90,5
28,1,"Fabiola Bailey",2026-02-19,11:34,15:34,1200,"Water Heater Install",240,9
29,1,"June Hart",2026-02-19,16:27,18:27,220,"Pipe Leak Fix",120,6
30,1,"Isabelle Martin",2026-02-20,07:00,11:00,1200,"Water Heater Install",240,5
31,1,"Latasha Buchanan",2026-02-20,12:24,14:24,220,"Pipe Leak Fix",120,9
32,1,"Kira Kennedy",2026-02-20,15:32,17:02,150,"Plumbing Repair",90,5
33,1,"Fannie Brown",2026-02-21,07:00,11:00,1200,"Water Heater Install",240,5
34,1,"Roosevelt Norman",2026-02-21,11:47,12:47,180,"Drain Cleaning",60,5
35,1,"Krysten Hughes",2026-02-21,14:06,18:06,1200,"Water Heater Install",240,6
36,1,"Devorah Reynolds",2026-02-22,07:00,08:30,150,"Plumbing Repair",90,5
37,1,"Angela Orr",2026-02-22,09:25,11:25,220,"Pipe Leak Fix",120,6
38,1,"Mae Butler",2026-02-22,12:52,14:52,220,"Pipe Leak Fix",120,5
39,1,"Romona Harmon",2026-02-22,15:56,17:56,220,"Pipe Leak Fix",120,7
40,1,"Jasper Stark",2026-02-23,07:00,08:30,150,"Plumbing Repair",90,9
41,1,"Eliza Gomez",2026-02-23,09:19,10:19,180,"Drain Cleaning",60,5
42,1,"Kaycee Leach",2026-02-23,11:37,13:07,150,"Plumbing Repair",90,5
43,2,"Zola Coleman",2026-02-03,07:00,09:00,220,"Pipe Leak Fix",120,9
44,2,"Alton Dawson",2026-02-03,09:52,13:52,1200,"Water Heater Install",240,9
45,2,"Rosalinda Baldwin",2026-02-03,14:44,16:14,150,"Plumbing Repair",90,9
46,2,"Kristin Marks",2026-02-04,07:00,11:00,1200,"Water Heater Install",240,9
47,2,"Bernardo Rush",2026-02-04,11:48,15:48,1200,"Water Heater Install",240,9
48,2,"Tabitha Ramirez",2026-02-04,16:53,18:53,220,"Pipe Leak Fix",120,9
49,2,"Trena Baldwin",2026-02-05,07:00,11:00,1200,"Water Heater Install",240,9
50,2,"Lexie Day",2026-02-05,12:01,13:01,180,"Drain Cleaning",60,9
51,2,"Ruthanne Murphy",2026-02-06,07:00,09:00,220,"Pipe Leak Fix",120,9
52,2,"Tabitha Villarreal",2026-02-06,10:06,11:36,150,"Plumbing Repair",90,9
53,2,"Kathleen Watts",2026-02-06,12:41,13:41,180,"Drain Cleaning",60,9
54,2,"Fannie Snow",2026-02-08,07:00,09:00,220,"Pipe Leak Fix",120,9
55,2,"Trish Mills",2026-02-08,09:48,10:48,180,"Drain Cleaning",60,9
56,2,"Olivia Scott",2026-02-09,07:00,08:00,180,"Drain Cleaning",60,9
57,2,"Emily O'Brien",2026-02-09,09:20,10:20,180,"Drain Cleaning",60,9
58,2,"Mary Bush",2026-02-09,11:41,13:41,220,"Pipe Leak Fix",120,9
59,2,"Gertrude Parker",2026-02-15,07:00,09:00,220,"Pipe Leak Fix",120,7
60,2,"Natalie Wong",2026-02-15,10:10,11:10,180,"Drain Cleaning",60,8
61,2,"Imogene Cannon",2026-02-15,12:02,16:02,1200,"Water Heater Install",240,5
62,2,"Monique Howard",2026-02-16,07:00,11:00,1200,"Water Heater Install",240,7
63,2,"Tracey Newton",2026-02-16,12:07,13:37,150,"Plumbing Repair",90,5
64,2,"Lincoln Doyle",2026-02-17,07:00,09:00,220,"Pipe Leak Fix",120,6
65,2,"Bonnie Rush",2026-02-17,09:45,10:45,180,"Drain Cleaning",60,6
66,2,"Nathalie Sanders",2026-02-17,11:59,13:29,150,"Plumbing Repair",90,7
67,2,"Dorothy Harper",2026-02-17,14:26,16:26,220,"Pipe Leak Fix",120,6
68,2,"Aurore McGuire",2026-02-18,07:00,11:00,1200,"Water Heater Install",240,5
69,2,"Yolanda Fletcher",2026-02-18,11:47,12:47,180,"Drain Cleaning",60,9
70,2,"Vanessa May",2026-02-18,13:38,17:38,1200,"Water Heater Install",240,5
71,2,"Ivory Snow",2026-02-19,07:00,11:00,1200,"Water Heater Install",240,5
72,2,"Tawanna Stewart",2026-02-19,12:08,14:08,220,"Pipe Leak Fix",120,5
73,2,"Micah Nash",2026-02-19,15:28,17:28,220,"Pipe Leak Fix",120,5
74,2,"Verna Ritter",2026-02-20,07:00,08:00,180,"Drain Cleaning",60,5
75,2,"Oleta Trujillo",2026-02-20,08:56,10:56,220,"Pipe Leak Fix",120,8
76,2,"Gussie Little",2026-02-20,11:42,13:42,220,"Pipe Leak Fix",120,9
77,2,"Debbie Baldwin",2026-02-21,07:00,08:00,180,"Drain Cleaning",60,5
78,2,"Kennedy Lopez",2026-02-21,09:26,11:26,220,"Pipe Leak Fix",120,6
79,2,"Grace George",2026-02-21,12:20,16:20,1200,"Water Heater Install",240,5
80,2,"Oralia Rogers",2026-02-22,07:00,11:00,1200,"Water Heater Install",240,5
81,2,"Flora Thomas",2026-02-22,12:14,13:14,180,"Drain Cleaning",60,7
82,2,"Ema Watts",2026-02-22,14:41,16:11,150,"Plumbing Repair",90,5
83,2,"Amie McKee",2026-02-23,07:00,11:00,1200,"Water Heater Install",240,5
84,2,"Fay Anderson",2026-02-23,12:04,13:34,150,"Plumbing Repair",90,7
85,2,"Nelly Garcia",2026-02-24,07:00,08:00,180,"Drain Cleaning",60,8
86,2,"Kathleen Guzman",2026-02-24,09:17,11:17,220,"Pipe Leak Fix",120,5
87,2,"Phyllis Curtis",2026-02-24,12:47,16:47,1200,"Water Heater Install",240,5
88,2,"Rachael Sweeney",2026-02-25,07:00,08:00,180,"Drain Cleaning",60,5
89,2,"Kathrine Parks",2026-02-25,09:21,10:51,150,"Plumbing Repair",90,5
90,2,"Sonja Todd",2026-02-26,07:00,08:30,150,"Plumbing Repair",90,9
91,2,"Natasha Baker",2026-02-26,09:53,11:53,220,"Pipe Leak Fix",120,5
92,2,"Ozella Oneal",2026-02-26,13:11,15:11,220,"Pipe Leak Fix",120,5
93,2,"Karina Ramos",2026-02-26,16:07,18:07,220,"Pipe Leak Fix",120,5
94,2,"Tasha Kline",2026-02-27,07:00,09:00,220,"Pipe Leak Fix",120,6
95,2,"Shari Morrison",2026-02-27,09:48,11:48,220,"Pipe Leak Fix",120,5
96,3,"Roy Harper",2026-02-02,07:00,11:00,1200,"Water Heater Install",240,9
97,3,"Nannette Adams",2026-02-02,12:06,14:06,220,"Pipe Leak Fix",120,9
98,3,"Elna Combs",2026-02-02,14:54,15:54,180,"Drain Cleaning",60,9
99,3,"Damian Proctor",2026-02-02,17:19,18:49,150,"Plumbing Repair",90,9
100,3,"Icie McBride",2026-02-06,07:00,09:00,220,"Pipe Leak Fix",120,9
101,3,"Lexie Little",2026-02-06,10:14,14:14,1200,"Water Heater Install",240,9
102,3,"Garland Gray",2026-02-06,15:06,16:06,180,"Drain Cleaning",60,9
103,3,"Gayle Martin",2026-02-06,16:52,18:22,150,"Plumbing Repair",90,9
104,3,"Ardella Duncan",2026-02-10,07:00,11:00,1200,"Water Heater Install",240,9
105,3,"Margot Dawson",2026-02-10,11:56,15:56,1200,"Water Heater Install",240,9
106,3,"Edie Bass",2026-02-10,17:07,18:07,180,"Drain Cleaning",60,9
107,3,"Lakisha Hall",2026-02-12,07:00,08:30,150,"Plumbing Repair",90,9
108,3,"Rogelio Marshall",2026-02-12,09:23,10:53,150,"Plumbing Repair",90,9
109,3,"Felecia Finley",2026-02-12,12:14,13:14,180,"Drain Cleaning",60,9
110,3,"Teresa Vance",2026-02-12,14:34,15:34,180,"Drain Cleaning",60,9
111,3,"Yasmin Bailey",2026-02-15,07:00,08:30,150,"Plumbing Repair",90,5
112,3,"Valentina Grant",2026-02-15,09:49,13:49,1200,"Water Heater Install",240,7
113,3,"Tawana Cook",2026-02-15,14:58,15:58,180,"Drain Cleaning",60,5
114,3,"Henrietta Barton",2026-02-16,07:00,08:30,150,"Plumbing Repair",90,5
115,3,"Eugene Howard",2026-02-16,09:18,11:18,220,"Pipe Leak Fix",120,5
116,3,"Ivan Graham",2026-02-16,12:16,13:46,150,"Plumbing Repair",90,8
117,3,"Kingston Peck",2026-02-17,07:00,09:00,220,"Pipe Leak Fix",120,5
118,3,"April Page",2026-02-17,10:22,11:22,180,"Drain Cleaning",60,5
119,3,"Mario English",2026-02-17,12:35,16:35,1200,"Water Heater Install",240,5
120,3,"Dora Lawson",2026-02-17,17:23,18:23,180,"Drain Cleaning",60,5
121,3,"Vera Knapp",2026-02-18,07:00,08:00,180,"Drain Cleaning",60,9
122,3,"Samuel Gates",2026-02-18,08:51,10:21,150,"Plumbing Repair",90,6
123,3,"Delaine Daniels",2026-02-18,11:23,12:53,150,"Plumbing Repair",90,5
124,3,"Jama Ross",2026-02-18,13:42,15:12,150,"Plumbing Repair",90,5
125,3,"Maribel Rivera",2026-02-19,07:00,11:00,1200,"Water Heater Install",240,6
126,3,"Georgeann Carlson",2026-02-19,12:10,14:10,220,"Pipe Leak Fix",120,5
127,3,"Katelyn McLaughlin",2026-02-19,15:00,16:30,150,"Plumbing Repair",90,7
128,3,"Aida Johnson",2026-02-20,07:00,09:00,220,"Pipe Leak Fix",120,5
129,3,"Kristin Marks",2026-02-20,09:47,13:47,1200,"Water Heater Install",240,5
130,3,"Napoleon Daniels",2026-02-20,14:39,15:39,180,"Drain Cleaning",60,5
131,3,"Lauren Perry",2026-02-20,16:54,18:54,220,"Pipe Leak Fix",120,7
132,3,"Irma Walsh",2026-02-21,07:00,08:00,180,"Drain Cleaning",60,5
133,3,"Manuel Shepherd",2026-02-21,09:22,11:22,220,"Pipe Leak Fix",120,9
134,3,"Jami Davis",2026-02-21,12:25,13:25,180,"Drain Cleaning",60,5
135,3,"Ava Wheeler",2026-02-22,07:00,08:30,150,"Plumbing Repair",90,5
136,3,"Hazel Jenkins",2026-02-22,09:26,11:26,220,"Pipe Leak Fix",120,9
137,3,"Ruthann Maxwell",2026-02-22,12:29,16:29,1200,"Water Heater Install",240,7
138,3,"Marisol Mendoza",2026-02-23,07:00,08:00,180,"Drain Cleaning",60,5
139,3,"Ernestine Holland",2026-02-23,09:26,10:56,150,"Plumbing Repair",90,6
140,3,"Sherry Fry",2026-02-23,12:00,16:00,1200,"Water Heater Install",240,6
141,3,"Shirley Flores",2026-02-23,16:45,17:45,180,"Drain Cleaning",60,7
142,3,"Hadley Ellis",2026-02-24,07:00,09:00,220,"Pipe Leak Fix",120,5
143,3,"Kristen Rasmussen",2026-02-24,10:12,12:12,220,"Pipe Leak Fix",120,5
144,3,"Lexie Little",2026-02-24,12:58,14:28,150,"Plumbing Repair",90,5
145,3,"Hayden Marshall",2026-02-25,07:00,11:00,1200,"Water Heater Install",240,5
146,3,"Sanford Mendoza",2026-02-25,11:50,13:50,220,"Pipe Leak Fix",120,9
147,3,"Patsy Kelly",2026-02-25,15:17,16:17,180,"Drain Cleaning",60,5
148,3,"Carolina Gomez",2026-02-26,07:00,11:00,1200,"Water Heater Install",240,5
149,3,"Jacqueline McGuire",2026-02-26,12:07,13:37,150,"Plumbing Repair",90,5
150,3,"Stacey Coleman",2026-02-26,14:54,15:54,180,"Drain Cleaning",60,5
151,3,"Barbara Pollard",2026-02-27,07:00,08:30,150,"Plumbing Repair",90,5
152,3,"Katheryn Potter",2026-02-27,09:17,10:47,150,"Plumbing Repair",90,5
153,3,"Leann Nguyen",2026-02-27,11:51,15:51,1200,"Water Heater Install",240,6
154,3,"Terra Ramos",2026-02-28,07:00,08:30,150,"Plumbing Repair",90,5
155,3,"Marcia Randolph",2026-02-28,09:56,11:26,150,"Plumbing Repair",90,5
156,3,"Lydia Hunt",2026-02-28,12:16,13:46,150,"Plumbing Repair",90,7
157,3,"Eva Dunn",2026-02-28,15:06,17:06,220,"Pipe Leak Fix",120,5
158,4,"Charlene Zimmerman",2026-02-10,07:00,09:00,220,"Pipe Leak Fix",120,9
159,4,"Jeanne Noble",2026-02-10,10:03,14:03,1200,"Water Heater Install",240,9
160,4,"Ora Harper",2026-02-10,15:26,17:26,220,"Pipe Leak Fix",120,9
161,4,"Tricia Wade",2026-02-13,07:00,11:00,1200,"Water Heater Install",240,9
162,4,"Kenia Howell",2026-02-13,12:20,14:20,220,"Pipe Leak Fix",120,9
163,4,"Brooks Bush",2026-02-13,15:43,17:13,150,"Plumbing Repair",90,9
164,4,"Stella Lamb",2026-02-15,07:00,08:00,180,"Drain Cleaning",60,5
165,4,"Ivory Villarreal",2026-02-15,09:01,10:01,180,"Drain Cleaning",60,7
166,4,"Minta Young",2026-02-15,11:29,12:59,150,"Plumbing Repair",90,5
167,4,"Norma Diaz",2026-02-15,14:28,15:28,180,"Drain Cleaning",60,9
168,4,"Nathalie Baker",2026-02-16,07:00,08:30,150,"Plumbing Repair",90,6
169,4,"Lacy Harrison",2026-02-16,09:24,11:24,220,"Pipe Leak Fix",120,5
170,4,"Patricia Bryant",2026-02-16,12:53,14:53,220,"Pipe Leak Fix",120,7
171,4,"Wren Rose",2026-02-16,16:23,18:23,220,"Pipe Leak Fix",120,9
172,4,"Josefina Price",2026-02-17,07:00,08:30,150,"Plumbing Repair",90,6
173,4,"Exie Robbins",2026-02-17,09:29,10:29,180,"Drain Cleaning",60,5
174,4,"Rosina Buchanan",2026-02-17,11:45,13:45,220,"Pipe Leak Fix",120,5
175,4,"Blanca Payne",2026-02-18,07:00,08:00,180,"Drain Cleaning",60,5
176,4,"Helena Allen",2026-02-18,09:00,10:00,180,"Drain Cleaning",60,5
177,4,"Roma Hansen",2026-02-18,11:01,12:31,150,"Plumbing Repair",90,5
178,4,"Verda Valencia",2026-02-18,13:43,14:43,180,"Drain Cleaning",60,8
179,4,"Mari Barnes",2026-02-18,16:01,18:01,220,"Pipe Leak Fix",120,8
180,4,"Maura Lewis",2026-02-19,07:00,11:00,1200,"Water Heater Install",240,6
181,4,"Braxton Stark",2026-02-19,11:59,15:59,1200,"Water Heater Install",240,5
182,4,"Pearl Hawkins",2026-02-19,16:52,18:52,220,"Pipe Leak Fix",120,6
183,4,"Barbara Bell",2026-02-20,07:00,08:00,180,"Drain Cleaning",60,6
184,4,"Lucas Gray",2026-02-20,08:46,10:16,150,"Plumbing Repair",90,7
185,4,"Beverly Bishop",2026-02-20,11:40,13:10,150,"Plumbing Repair",90,9
186,4,"Alyce Leach",2026-02-21,07:00,09:00,220,"Pipe Leak Fix",120,5
187,4,"Mercedes Dodson",2026-02-21,10:03,14:03,1200,"Water Heater Install",240,6
188,4,"Dian Ford",2026-02-21,14:49,15:49,180,"Drain Cleaning",60,6
189,4,"Kassandra Vasquez",2026-02-21,16:48,18:18,150,"Plumbing Repair",90,5
190,4,"Fannie Frank",2026-02-22,07:00,08:00,180,"Drain Cleaning",60,5
191,4,"Nancie Hayes",2026-02-22,08:50,12:50,1200,"Water Heater Install",240,5
192,4,"Sherwood Gardner",2026-02-22,14:02,15:32,150,"Plumbing Repair",90,5
193,4,"Lorri Graham",2026-02-23,07:00,09:00,220,"Pipe Leak Fix",120,7
194,4,"Ruth Hart",2026-02-23,09:45,13:45,1200,"Water Heater Install",240,8
195,4,"Angelica Berry",2026-02-23,15:05,17:05,220,"Pipe Leak Fix",120,9
196,4,"Fannie Page",2026-02-24,07:00,11:00,1200,"Water Heater Install",240,5
197,4,"Kylie Long",2026-02-24,12:13,13:13,180,"Drain Cleaning",60,5
198,4,"Sharron Fowler",2026-02-24,14:10,15:10,180,"Drain Cleaning",60,5
199,4,"Bianca Matthews",2026-02-24,16:02,18:02,220,"Pipe Leak Fix",120,5
200,4,"Trish Mills",2026-02-25,07:00,08:30,150,"Plumbing Repair",90,5
201,4,"Nilda Fisher",2026-02-25,09:42,10:42,180,"Drain Cleaning",60,5
202,4,"Demetria Quintero",2026-02-25,11:53,15:53,1200,"Water Heater Install",240,5
203,5,"Doretha Simpson",2026-02-01,07:00,08:00,180,"Drain Cleaning",60,9
204,5,"Oliva York",2026-02-01,08:45,10:15,150,"Plumbing Repair",90,9
205,5,"Letha Higgins",2026-02-01,11:33,12:33,180,"Drain Cleaning",60,9
206,5,"Kaitlin Bass",2026-02-08,07:00,09:00,220,"Pipe Leak Fix",120,9
207,5,"Eleanor Howell",2026-02-08,10:16,11:46,150,"Plumbing Repair",90,9
208,5,"Yadira Curtis",2026-02-08,12:57,16:57,1200,"Water Heater Install",240,9
209,5,"Marisol Jordan",2026-02-12,07:00,08:30,150,"Plumbing Repair",90,9
210,5,"Twyla Murphy",2026-02-12,09:39,10:39,180,"Drain Cleaning",60,9
211,5,"Maxine Robbins",2026-02-12,11:53,12:53,180,"Drain Cleaning",60,9
212,5,"Kenna Newton",2026-02-13,07:00,11:00,1200,"Water Heater Install",240,9
213,5,"Louise Freeman",2026-02-13,12:04,13:34,150,"Plumbing Repair",90,9
214,5,"Linda Fox",2026-02-13,14:23,15:53,150,"Plumbing Repair",90,9
215,5,"Krystal Parker",2026-02-15,07:00,08:00,180,"Drain Cleaning",60,5
216,5,"Roosevelt Larson",2026-02-15,09:29,11:29,220,"Pipe Leak Fix",120,7
217,5,"Roslyn Castillo",2026-02-15,12:15,13:15,180,"Drain Cleaning",60,7
218,5,"Jettie Vasquez",2026-02-15,14:34,16:34,220,"Pipe Leak Fix",120,5
219,5,"Tamika Berry",2026-02-16,07:00,11:00,1200,"Water Heater Install",240,6
220,5,"Kelly Stone",2026-02-16,12:24,13:24,180,"Drain Cleaning",60,5
221,5,"Una Tate",2026-02-16,14:41,16:11,150,"Plumbing Repair",90,6
222,5,"Roma Jensen",2026-02-17,07:00,08:30,150,"Plumbing Repair",90,9
223,5,"Guadalupe Keller",2026-02-17,09:51,10:51,180,"Drain Cleaning",60,5
224,5,"Tabitha Holland",2026-02-17,12:06,13:36,150,"Plumbing Repair",90,5
225,5,"Charlene Simmons",2026-02-17,14:41,16:11,150,"Plumbing Repair",90,5
226,5,"Zola Nguyen",2026-02-18,07:00,08:00,180,"Drain Cleaning",60,5
227,5,"Ardith Stevens",2026-02-18,09:21,11:21,220,"Pipe Leak Fix",120,7
228,5,"Larissa Acosta",2026-02-18,12:39,14:09,150,"Plumbing Repair",90,9
229,5,"Alfredo James",2026-02-19,07:00,09:00,220,"Pipe Leak Fix",120,5
230,5,"Joyce Day",2026-02-19,10:13,14:13,1200,"Water Heater Install",240,5
231,5,"Tyler Alexander",2026-02-19,15:29,17:29,220,"Pipe Leak Fix",120,6
232,5,"Nell Evans",2026-02-20,07:00,11:00,1200,"Water Heater Install",240,5
233,5,"Mandy Bowman",2026-02-20,12:04,14:04,220,"Pipe Leak Fix",120,8
234,5,"Ivory Snow",2026-02-20,15:10,17:10,220,"Pipe Leak Fix",120,5
235,5,"Shanna Lamb",2026-02-21,07:00,11:00,1200,"Water Heater Install",240,8
236,5,"Selena Mendoza",2026-02-21,12:13,14:13,220,"Pipe Leak Fix",120,5
237,5,"Wynona Wade",2026-02-21,15:34,16:34,180,"Drain Cleaning",60,5
238,5,"Ursula Crane",2026-02-22,07:00,08:00,180,"Drain Cleaning",60,7
239,5,"Demetria Snyder",2026-02-22,09:00,11:00,220,"Pipe Leak Fix",120,9
240,5,"Grover Horton",2026-02-22,12:19,13:19,180,"Drain Cleaning",60,7
241,5,"Shelly Oneal",2026-02-22,14:33,16:03,150,"Plumbing Repair",90,5
242,5,"Keeley Stuart",2026-02-23,07:00,11:00,1200,"Water Heater Install",240,7
243,5,"Hope Cole",2026-02-23,12:30,13:30,180,"Drain Cleaning",60,5
244,5,"Louella Walsh",2026-02-23,14:58,18:58,1200,"Water Heater Install",240,7
245,5,"Thelma Jimenez",2026-02-24,07:00,11:00,1200,"Water Heater Install",240,6
246,5,"Meg Nelson",2026-02-24,12:21,13:21,180,"Drain Cleaning",60,6
247,5,"Janie Griffin",2026-02-24,14:51,18:51,1200,"Water Heater Install",240,6
248,5,"Kaitlin Martinez",2026-02-25,07:00,08:00,180,"Drain Cleaning",60,5
249,5,"Kathie Gonzales",2026-02-25,09:22,11:22,220,"Pipe Leak Fix",120,5
250,5,"Riley Sanchez",2026-02-25,12:41,14:41,220,"Pipe Leak Fix",120,5
251,5,"Alfreda Nguyen",2026-02-25,15:39,17:09,150,"Plumbing Repair",90,5
252,5,"Alba Simmons",2026-02-26,07:00,11:00,1200,"Water Heater Install",240,7
253,5,"Lynne Rivera",2026-02-26,12:19,13:19,180,"Drain Cleaning",60,5
254,5,"Frances Summers",2026-02-26,14:27,15:27,180,"Drain Cleaning",60,9
255,5,"Mandy Bowman",2026-02-26,16:29,17:59,150,"Plumbing Repair",90,8
256,5,"Ena Lloyd",2026-02-27,07:00,08:00,180,"Drain Cleaning",60,5
257,5,"Ryan Frank",2026-02-27,08:58,12:58,1200,"Water Heater Install",240,5
258,5,"Catherine Foster",2026-02-27,13:44,17:44,1200,"Water Heater Install",240,5
259,5,"Darrel Walker",2026-02-28,07:00,11:00,1200,"Water Heater Install",240,5
260,5,"Nadia Dawson",2026-02-28,12:25,14:25,220,"Pipe Leak Fix",120,5
261,5,"Summer Hull",2026-02-28,15:29,17:29,220,"Pipe Leak Fix",120,5
262,6,"Alyssa Simpson",2026-02-01,07:00,09:00,220,"Pipe Leak Fix",120,9
263,6,"Frances Summers",2026-02-01,10:02,12:02,220,"Pipe Leak Fix",120,9
264,6,"Leslie Hughes",2026-02-06,07:00,08:00,180,"Drain Cleaning",60,9
265,6,"Maye Quinn",2026-02-06,09:19,10:19,180,"Drain Cleaning",60,9
266,6,"Florence Moore",2026-02-06,11:17,15:17,1200,"Water Heater Install",240,9
267,6,"Nicole Gates",2026-02-06,16:08,17:38,150,"Plumbing Repair",90,9
268,6,"Gussie Miles",2026-02-07,07:00,08:00,180,"Drain Cleaning",60,9
269,6,"Otha Barton",2026-02-07,09:28,10:28,180,"Drain Cleaning",60,9
270,6,"Lucinda Valencia",2026-02-07,11:22,15:22,1200,"Water Heater Install",240,9
271,6,"Effie Hayes",2026-02-10,07:00,11:00,1200,"Water Heater Install",240,9
272,6,"Kerrie Reyes",2026-02-10,12:26,13:26,180,"Drain Cleaning",60,9
273,7,"Terra Ramos",2026-02-06,07:00,08:00,180,"Drain Cleaning",60,9
274,7,"Twila Diaz",2026-02-06,08:50,12:50,1200,"Water Heater Install",240,9
275,7,"Lorena Prince",2026-02-06,13:38,15:38,220,"Pipe Leak Fix",120,9
276,7,"Noreen Dodson",2026-02-06,16:47,18:17,150,"Plumbing Repair",90,9
277,7,"Tricia Wade",2026-02-09,07:00,08:30,150,"Plumbing Repair",90,9
278,7,"Arlie Jackson",2026-02-09,09:18,13:18,1200,"Water Heater Install",240,9
279,7,"Kingston Ross",2026-02-09,14:26,15:26,180,"Drain Cleaning",60,9
280,7,"Lacy Bryant",2026-02-09,16:20,17:50,150,"Plumbing Repair",90,9
281,7,"Nadia Howard",2026-02-10,07:00,09:00,220,"Pipe Leak Fix",120,9
282,7,"Jeana Ward",2026-02-10,10:17,12:17,220,"Pipe Leak Fix",120,9
283,7,"Stella Ruiz",2026-02-10,13:16,15:16,220,"Pipe Leak Fix",120,9
284,7,"Leland Price",2026-02-15,07:00,11:00,1200,"Water Heater Install",240,5
285,7,"Karan Howell",2026-02-15,12:07,13:07,180,"Drain Cleaning",60,5
286,7,"Lorenza Gates",2026-02-15,14:32,18:32,1200,"Water Heater Install",240,8
287,7,"Fabiola Shepherd",2026-02-16,07:00,08:00,180,"Drain Cleaning",60,7
288,7,"Sheena Graham",2026-02-16,09:09,10:09,180,"Drain Cleaning",60,8
289,7,"Lala Odom",2026-02-16,11:20,12:20,180,"Drain Cleaning",60,7
290,7,"Jeannie Weaver",2026-02-17,07:00,09:00,220,"Pipe Leak Fix",120,8
291,7,"Rachael Sweeney",2026-02-17,10:04,14:04,1200,"Water Heater Install",240,6
292,7,"Gussie Yoder",2026-02-18,07:00,08:30,150,"Plumbing Repair",90,6
293,7,"Reva Jenkins",2026-02-18,09:33,11:33,220,"Pipe Leak Fix",120,7
294,7,"Karissa Castillo",2026-02-18,12:23,16:23,1200,"Water Heater Install",240,5
295,7,"Katheryn Coleman",2026-02-19,07:00,11:00,1200,"Water Heater Install",240,5
296,7,"Haley Morgan",2026-02-19,12:23,13:53,150,"Plumbing Repair",90,5
297,7,"Letha Solis",2026-02-20,07:00,11:00,1200,"Water Heater Install",240,5
298,7,"Bette Gutierrez",2026-02-20,11:58,13:28,150,"Plumbing Repair",90,6
299,7,"Cynthia Gates",2026-02-20,14:57,16:57,220,"Pipe Leak Fix",120,5
300,7,"Myra Flores",2026-02-21,07:00,08:00,180,"Drain Cleaning",60,5
301,7,"Misty Fleming",2026-02-21,09:25,10:55,150,"Plumbing Repair",90,5
302,7,"Karissa Castillo",2026-02-21,11:57,13:57,220,"Pipe Leak Fix",120,5
303,7,"Jared Edwards",2026-02-22,07:00,08:30,150,"Plumbing Repair",90,9
304,7,"Monica Quinn",2026-02-22,09:58,10:58,180,"Drain Cleaning",60,6
305,7,"Wendi Snow",2026-02-22,11:47,15:47,1200,"Water Heater Install",240,5
306,7,"Dorothy Matthews",2026-02-23,07:00,09:00,220,"Pipe Leak Fix",120,5
307,7,"Bentley Fox",2026-02-23,09:50,13:50,1200,"Water Heater Install",240,6
308,7,"Love Ware",2026-02-23,15:15,17:15,220,"Pipe Leak Fix",120,6
309,7,"Fran Kerr",2026-02-24,07:00,11:00,1200,"Water Heater Install",240,9
310,7,"Bethany Higgins",2026-02-24,12:30,14:30,220,"Pipe Leak Fix",120,5
311,7,"Megan Wood",2026-02-24,15:38,17:38,220,"Pipe Leak Fix",120,5
312,7,"Parthenia Mills",2026-02-25,07:00,11:00,1200,"Water Heater Install",240,5
313,7,"Marisol Wilson",2026-02-25,11:54,15:54,1200,"Water Heater Install",240,5
314,7,"Avelina Lane",2026-02-26,07:00,09:00,220,"Pipe Leak Fix",120,9
315,7,"Roman Patrick",2026-02-26,09:57,13:57,1200,"Water Heater Install",240,5
316,7,"Oscar Bush",2026-02-26,15:20,16:20,180,"Drain Cleaning",60,7
317,7,"Trena Baldwin",2026-02-27,07:00,08:30,150,"Plumbing Repair",90,5
318,7,"Rae Hernandez",2026-02-27,09:57,10:57,180,"Drain Cleaning",60,5
319,7,"Mercedes Livingston",2026-02-27,12:04,13:34,150,"Plumbing Repair",90,7
320,7,"Audie Valencia",2026-02-27,14:56,18:56,1200,"Water Heater Install",240,9
321,7,"Eusebia Kelly",2026-02-28,07:00,11:00,1200,"Water Heater Install",240,7
322,7,"Almina Preston",2026-02-28,12:07,16:07,1200,"Water Heater Install",240,6
323,7,"Belva Santiago",2026-02-28,17:13,18:43,150,"Plumbing Repair",90,5
324,8,"Mae Glover",2026-02-03,07:00,15:00,800,"Garden Design",480,9
325,8,"Princess Berry",2026-02-03,15:56,18:56,350,"Tree Trimming",180,9
326,8,"Vivian Armstrong",2026-02-04,07:00,08:30,120,"Mulching",90,9
327,8,"Amie McKee",2026-02-04,09:54,17:54,800,"Garden Design",480,9
328,8,"Melodie Kim",2026-02-09,07:00,15:00,800,"Garden Design",480,9
329,8,"Kerri Barnes",2026-02-09,16:27,17:57,120,"Mulching",90,9
330,8,"Imogene Campbell",2026-02-15,07:00,15:00,800,"Garden Design",480,5
331,8,"Larissa Marshall",2026-02-15,16:11,17:41,120,"Mulching",90,6
332,8,"Clarissa Ingram",2026-02-16,07:00,08:30,120,"Mulching",90,6
333,8,"Shirley Flores",2026-02-16,09:21,10:51,120,"Mulching",90,7
334,8,"Stephanie Sullivan",2026-02-17,07:00,15:00,800,"Garden Design",480,5
335,8,"Ivory Ingram",2026-02-18,07:00,10:00,350,"Tree Trimming",180,5
336,8,"Lorrie Hart",2026-02-18,11:17,14:17,350,"Tree Trimming",180,5
337,8,"Stella York",2026-02-19,07:00,15:00,800,"Garden Design",480,5
338,8,"Trina Munoz",2026-02-20,07:00,10:00,350,"Tree Trimming",180,5
339,8,"Oliva Stewart",2026-02-20,11:06,14:06,350,"Tree Trimming",180,6
340,8,"Kingston Peck",2026-02-20,14:59,16:29,120,"Mulching",90,7
341,8,"Emely Guzman",2026-02-21,07:00,15:00,800,"Garden Design",480,5
342,9,"Theresa Romero",2026-02-08,07:00,10:00,350,"Tree Trimming",180,9
343,9,"Roman Howard",2026-02-08,10:51,13:51,350,"Tree Trimming",180,9
344,9,"Elvira Turner",2026-02-10,07:00,10:00,350,"Tree Trimming",180,9
345,9,"Peggy Warren",2026-02-10,10:54,11:54,45,"Lawn Mowing",60,9
346,9,"Nella Finley",2026-02-14,07:00,08:00,45,"Lawn Mowing",60,9
347,9,"Alvina Orr",2026-02-14,09:05,10:35,120,"Mulching",90,9
348,10,"Belle Cook",2026-02-02,07:00,15:00,800,"Garden Design",480,9
349,10,"Patsy Ruiz",2026-02-11,07:00,08:30,120,"Mulching",90,9
350,10,"Exie Valdez",2026-02-11,09:41,12:41,350,"Tree Trimming",180,9
351,10,"Romona Harmon",2026-02-11,13:28,16:28,350,"Tree Trimming",180,9
352,10,"Janie Newton",2026-02-11,17:14,18:44,120,"Mulching",90,9
353,10,"Sterling Thompson",2026-02-15,07:00,08:00,45,"Lawn Mowing",60,7
354,10,"Susan Gardner",2026-02-15,08:53,11:53,350,"Tree Trimming",180,8
355,10,"Melanie Patel",2026-02-15,13:08,16:08,350,"Tree Trimming",180,8
356,10,"Dian Odonnell",2026-02-16,07:00,15:00,800,"Garden Design",480,5
357,10,"Siobhan Pollard",2026-02-17,07:00,15:00,800,"Garden Design",480,6
358,10,"Olivia Glover",2026-02-18,07:00,15:00,800,"Garden Design",480,9
359,10,"Lorenza Reed",2026-02-19,07:00,15:00,800,"Garden Design",480,8
360,10,"Roberta Hammond",2026-02-19,16:03,17:03,45,"Lawn Mowing",60,5
361,10,"Lindsay Cox",2026-02-20,07:00,15:00,800,"Garden Design",480,5
362,10,"Twila Wilson",2026-02-20,16:03,17:03,45,"Lawn Mowing",60,7
363,10,"Nilda Martin",2026-02-21,07:00,10:00,350,"Tree Trimming",180,5
364,10,"Erik Hoffman",2026-02-22,07:00,08:30,120,"Mulching",90,5
365,10,"Blanche Gibson",2026-02-22,09:29,12:29,350,"Tree Trimming",180,5
366,10,"Tanya Howell",2026-02-22,13:51,16:51,350,"Tree Trimming",180,7
367,10,"Kathryn Morales",2026-02-23,07:00,10:00,350,"Tree Trimming",180,7
368,10,"Concepcion Tyler",2026-02-23,10:57,12:27,120,"Mulching",90,5
369,10,"Lynnette Harper",2026-02-23,13:19,14:49,120,"Mulching",90,5
370,10,"Kaitlin Martinez",2026-02-24,07:00,15:00,800,"Garden Design",480,5
371,10,"Verna Ritter",2026-02-24,16:14,17:44,120,"Mulching",90,5
372,10,"Mervin Flores",2026-02-25,07:00,10:00,350,"Tree Trimming",180,5
373,10,"Jeanette Anderson",2026-02-25,11:24,12:54,120,"Mulching",90,5
374,10,"Stephanie Lewis",2026-02-26,07:00,10:00,350,"Tree Trimming",180,7
375,10,"Mabelle Gutierrez",2026-02-26,10:49,11:49,45,"Lawn Mowing",60,7
376,10,"Leilani Romero",2026-02-27,07:00,10:00,350,"Tree Trimming",180,6
377,10,"Starla Mitchell",2026-02-27,10:54,13:54,350,"Tree Trimming",180,5
378,10,"Tamika Scott",2026-02-28,07:00,15:00,800,"Garden Design",480,5
379,10,"Alison Wheeler",2026-02-28,16:12,17:42,120,"Mulching",90,5
380,10,"Pamala Carlson",2026-03-01,07:00,08:00,45,"Lawn Mowing",60,5
381,10,"Lillie Hanna",2026-03-01,08:49,10:19,120,"Mulching",90,5
382,10,"Lindsay Valencia",2026-03-01,11:49,12:49,45,"Lawn Mowing",60,5
383,10,"Kerrie Wallace",2026-03-01,14:05,15:05,45,"Lawn Mowing",60,6
384,10,"Shiela Jones",2026-03-02,07:00,08:00,45,"Lawn Mowing",60,5
385,10,"Tena Valencia",2026-03-02,09:00,12:00,350,"Tree Trimming",180,8
386,10,"Victoria Schneider",2026-03-02,13:24,14:24,45,"Lawn Mowing",60,9
387,10,"Joy Newman",2026-03-03,07:00,08:00,45,"Lawn Mowing",60,5
388,10,"Thalia Diaz",2026-03-03,09:29,10:59,120,"Mulching",90,5
389,10,"Violet Campbell",2026-03-03,12:16,13:16,45,"Lawn Mowing",60,9
390,10,"Kristin Marks",2026-03-03,14:33,16:03,120,"Mulching",90,8
391,11,"Cruz Moore",2026-02-04,07:00,15:00,800,"Garden Design",480,9
392,11,"Aaron Dean",2026-02-04,16:12,17:12,45,"Lawn Mowing",60,9
393,11,"Oralia Clark",2026-02-06,07:00,10:00,350,"Tree Trimming",180,9
394,11,"Gabrielle McIntyre",2026-02-08,07:00,08:00,45,"Lawn Mowing",60,9
395,11,"Molly Duran",2026-02-08,08:45,16:45,800,"Garden Design",480,9
396,11,"Letha Wong",2026-02-09,07:00,08:00,45,"Lawn Mowing",60,9
397,11,"Shelia Payne",2026-02-09,08:57,10:27,120,"Mulching",90,9
398,11,"Roxana Lloyd",2026-02-09,11:20,12:50,120,"Mulching",90,9
399,11,"Lesa Villarreal",2026-02-09,14:11,17:11,350,"Tree Trimming",180,9
400,11,"Kiana Poole",2026-02-10,07:00,08:30,120,"Mulching",90,9
401,11,"Karina Marsh",2026-02-10,09:35,11:05,120,"Mulching",90,9
402,11,"Mauricio Lindsay",2026-02-10,12:32,13:32,45,"Lawn Mowing",60,9
403,11,"Jerlene Smith",2026-02-10,14:31,16:01,120,"Mulching",90,9
404,11,"Sindy Ellis",2026-02-13,07:00,15:00,800,"Garden Design",480,9
405,11,"Ramonita Campbell",2026-02-13,15:51,18:51,350,"Tree Trimming",180,9
406,11,"Lala Miller",2026-02-15,07:00,10:00,350,"Tree Trimming",180,5
407,11,"Liz Pate",2026-02-15,11:10,14:10,350,"Tree Trimming",180,9
408,11,"Olga Gates",2026-02-15,15:17,16:17,45,"Lawn Mowing",60,5
409,11,"Hector Kelly",2026-02-15,17:25,18:55,120,"Mulching",90,8
410,11,"Sandy Kirk",2026-02-16,07:00,08:30,120,"Mulching",90,5
411,11,"Fredda Phelps",2026-02-16,09:55,17:55,800,"Garden Design",480,5
412,11,"Rosina Buchanan",2026-02-17,07:00,08:00,45,"Lawn Mowing",60,5
413,11,"Tamika Preston",2026-02-17,09:25,12:25,350,"Tree Trimming",180,8
414,11,"Alvina Singleton",2026-02-18,07:00,08:30,120,"Mulching",90,5
415,11,"Rafael Russell",2026-02-18,09:34,11:04,120,"Mulching",90,6
416,11,"Mason Higgins",2026-02-18,12:03,15:03,350,"Tree Trimming",180,5
417,11,"Dolly Price",2026-02-19,07:00,08:00,45,"Lawn Mowing",60,5
418,11,"Jewel Bradley",2026-02-19,08:46,16:46,800,"Garden Design",480,9
419,11,"Alysa Daniels",2026-02-20,07:00,15:00,800,"Garden Design",480,5
420,11,"Elsa McLaughlin",2026-02-20,16:13,17:43,120,"Mulching",90,6
421,11,"Katheryn Potter",2026-02-21,07:00,10:00,350,"Tree Trimming",180,5
422,11,"Elinor Franklin",2026-02-21,11:30,13:00,120,"Mulching",90,5
423,11,"Ursula Crane",2026-02-21,14:08,15:08,45,"Lawn Mowing",60,9
424,11,"Tabitha Howard",2026-02-22,07:00,15:00,800,"Garden Design",480,7
425,11,"Hunter Murray",2026-02-22,16:28,17:28,45,"Lawn Mowing",60,7
426,11,"Jenna Gray",2026-02-23,07:00,08:00,45,"Lawn Mowing",60,6
427,11,"Vicky Frank",2026-02-23,09:23,10:53,120,"Mulching",90,8
428,11,"Ora Acosta",2026-02-23,12:11,13:11,45,"Lawn Mowing",60,8
429,11,"Ruthie Wyatt",2026-02-24,07:00,10:00,350,"Tree Trimming",180,9
430,11,"Cooper Edwards",2026-02-24,10:53,11:53,45,"Lawn Mowing",60,8
431,11,"Ernestine Holland",2026-02-24,13:05,14:05,45,"Lawn Mowing",60,8
432,11,"Diamond Duran",2026-02-24,15:02,16:32,120,"Mulching",90,5
433,11,"Janie Newton",2026-02-25,07:00,08:00,45,"Lawn Mowing",60,8
434,11,"Pam Kirk",2026-02-25,09:23,12:23,350,"Tree Trimming",180,5
435,11,"Taryn Conner",2026-02-25,13:50,15:20,120,"Mulching",90,6
436,11,"Palma Munoz",2026-02-25,16:26,17:56,120,"Mulching",90,8
437,12,"Katlyn Knapp",2026-02-01,07:00,08:00,45,"Lawn Mowing",60,9
438,12,"Leilani Melendez",2026-02-01,09:15,10:15,45,"Lawn Mowing",60,9
439,12,"Francene Hendricks",2026-02-08,07:00,08:30,120,"Mulching",90,9
440,12,"Yolanda Davis",2026-02-08,09:33,10:33,45,"Lawn Mowing",60,9
441,12,"Sherri Wilkinson",2026-02-08,11:20,12:20,45,"Lawn Mowing",60,9
442,12,"Lisa Harrison",2026-02-15,07:00,08:00,45,"Lawn Mowing",60,8
443,12,"Tasha Kline",2026-02-15,09:26,12:26,350,"Tree Trimming",180,8
444,12,"Ghislaine King",2026-02-16,07:00,10:00,350,"Tree Trimming",180,8
445,12,"Juliette Franklin",2026-02-16,11:19,12:19,45,"Lawn Mowing",60,6
446,12,"Willa Wood",2026-02-17,07:00,15:00,800,"Garden Design",480,5
447,12,"Imogene Cannon",2026-02-17,15:49,17:19,120,"Mulching",90,7
448,12,"Alvina Orr",2026-02-18,07:00,15:00,800,"Garden Design",480,6
449,12,"Nadia Martinez",2026-02-18,16:00,17:30,120,"Mulching",90,5
450,12,"Maudie Hess",2026-02-19,07:00,15:00,800,"Garden Design",480,5
451,12,"Isabella Dodson",2026-02-19,16:24,17:24,45,"Lawn Mowing",60,5
452,12,"Blanche Cline",2026-02-20,07:00,08:00,45,"Lawn Mowing",60,9
453,12,"Jordyn Melendez",2026-02-20,08:56,10:26,120,"Mulching",90,5
454,12,"Lenora Anderson",2026-02-20,11:38,13:08,120,"Mulching",90,5
455,12,"Jane Kennedy",2026-02-21,07:00,10:00,350,"Tree Trimming",180,5
456,12,"Ariel Bailey",2026-02-21,11:20,12:20,45,"Lawn Mowing",60,5
457,12,"Adrian Kerr",2026-02-21,13:46,15:16,120,"Mulching",90,5
458,12,"Hattie Robinson",2026-02-22,07:00,15:00,800,"Garden Design",480,5
459,12,"Salome Harper",2026-02-22,16:16,17:46,120,"Mulching",90,5
460,12,"Leatha Robinson",2026-02-23,07:00,08:00,45,"Lawn Mowing",60,5
461,12,"Katheryn Potter",2026-02-23,09:10,17:10,800,"Garden Design",480,5
462,13,"Maritza Vasquez",2026-02-01,07:00,08:30,120,"Mulching",90,9
463,13,"Adrian Conner",2026-02-01,09:18,17:18,800,"Garden Design",480,9
464,13,"Naomi Bishop",2026-02-05,07:00,10:00,350,"Tree Trimming",180,9
465,13,"Marquita McLaughlin",2026-02-05,11:22,12:52,120,"Mulching",90,9
466,13,"Maxine Castillo",2026-02-08,07:00,08:30,120,"Mulching",90,9
467,13,"Roosevelt Norman",2026-02-08,09:25,10:25,45,"Lawn Mowing",60,9
468,13,"Monique Sullivan",2026-02-11,07:00,15:00,800,"Garden Design",480,9
469,13,"Mollie Hunt",2026-02-11,16:25,17:25,45,"Lawn Mowing",60,9
470,13,"Delois Alvarez",2026-02-15,07:00,08:30,120,"Mulching",90,5
471,13,"Ozell Baldwin",2026-02-15,09:25,10:55,120,"Mulching",90,7
472,13,"Dixie Noble",2026-02-15,12:19,13:49,120,"Mulching",90,8
473,13,"Oliva Hayes",2026-02-15,14:44,15:44,45,"Lawn Mowing",60,8
474,13,"Luna Ellis",2026-02-16,07:00,08:30,120,"Mulching",90,5
475,13,"Kyla Rivers",2026-02-16,09:16,10:16,45,"Lawn Mowing",60,9
476,13,"Liliana Armstrong",2026-02-17,07:00,15:00,800,"Garden Design",480,6
477,13,"Hattie Moore",2026-02-17,16:17,17:47,120,"Mulching",90,8
478,13,"Valerie Evans",2026-02-18,07:00,08:30,120,"Mulching",90,5
479,13,"Roman Allen",2026-02-18,09:15,12:15,350,"Tree Trimming",180,8
480,13,"Jean Harper",2026-02-19,07:00,15:00,800,"Garden Design",480,5
481,13,"Hattie Shaffer",2026-02-19,16:25,17:25,45,"Lawn Mowing",60,9
482,13,"Kathleen Coleman",2026-02-20,07:00,10:00,350,"Tree Trimming",180,5
483,13,"Sunny Oliver",2026-02-20,10:54,13:54,350,"Tree Trimming",180,5
484,13,"Jade Fuller",2026-02-21,07:00,08:00,45,"Lawn Mowing",60,9
485,13,"Elliot Banks",2026-02-21,09:10,10:40,120,"Mulching",90,7
486,13,"Hope Horton",2026-02-21,11:49,13:19,120,"Mulching",90,5
487,13,"Kirstin Fisher",2026-02-22,07:00,08:30,120,"Mulching",90,5
488,13,"Elvira Barber",2026-02-22,09:34,11:04,120,"Mulching",90,5
489,13,"Cathleen Sweeney",2026-02-23,07:00,15:00,800,"Garden Design",480,5
490,13,"Roman Howard",2026-02-24,07:00,08:30,120,"Mulching",90,6
491,13,"Emelia Potter",2026-02-24,09:27,17:27,800,"Garden Design",480,9
492,13,"Rose Edwards",2026-02-25,07:00,08:00,45,"Lawn Mowing",60,5
493,13,"Magdalena Wallace",2026-02-25,09:14,12:14,350,"Tree Trimming",180,5
494,13,"Tai Gilbert",2026-02-25,13:22,14:52,120,"Mulching",90,5
495,13,"Eula Terrell",2026-02-26,07:00,08:00,45,"Lawn Mowing",60,9
496,13,"Marquita Reeves",2026-02-26,09:24,10:54,120,"Mulching",90,5
497,13,"Devorah Robinson",2026-02-26,12:15,13:45,120,"Mulching",90,5
498,13,"Elaine Woods",2026-02-27,07:00,08:30,120,"Mulching",90,5
499,13,"Tammy Palmer",2026-02-27,09:50,17:50,800,"Garden Design",480,5
500,14,"Marina Sykes",2026-02-01,07:00,15:00,800,"Garden Design",480,9
501,14,"Armida Reyes",2026-02-01,16:08,17:08,45,"Lawn Mowing",60,9
502,14,"Emanuel Rasmussen",2026-02-02,07:00,10:00,350,"Tree Trimming",180,9
503,14,"Elvera Noble",2026-02-02,11:10,12:40,120,"Mulching",90,9
504,14,"Skylar Terrell",2026-02-06,07:00,08:30,120,"Mulching",90,9
505,14,"Claudia Butler",2026-02-06,09:52,12:52,350,"Tree Trimming",180,9
506,14,"Adrian Conner",2026-02-07,07:00,08:00,45,"Lawn Mowing",60,9
507,14,"Christine Strong",2026-02-07,09:21,10:21,45,"Lawn Mowing",60,9
508,14,"Janie Diaz",2026-02-11,07:00,08:00,45,"Lawn Mowing",60,9
509,14,"Tawanda Hanson",2026-02-11,09:28,10:28,45,"Lawn Mowing",60,9
510,14,"Esteban Hudson",2026-02-11,11:14,12:14,45,"Lawn Mowing",60,9
511,14,"Mary George",2026-02-14,07:00,15:00,800,"Garden Design",480,9
512,14,"Kasey Noble",2026-02-14,15:48,18:48,350,"Tree Trimming",180,9
513,14,"Caroline Wong",2026-02-15,07:00,08:30,120,"Mulching",90,8
514,14,"Lottie Grant",2026-02-15,09:30,10:30,45,"Lawn Mowing",60,5
515,14,"Destiny Stevens",2026-02-15,11:41,12:41,45,"Lawn Mowing",60,5
516,14,"Roy Larson",2026-02-16,07:00,08:30,120,"Mulching",90,9
517,14,"Ralph Kirk",2026-02-16,09:15,12:15,350,"Tree Trimming",180,5
518,14,"Sadie Berry",2026-02-16,13:18,16:18,350,"Tree Trimming",180,8
519,14,"Freida Morgan",2026-02-16,17:27,18:27,45,"Lawn Mowing",60,5
520,14,"Viva Orr",2026-02-17,07:00,08:30,120,"Mulching",90,9
521,14,"Roosevelt Norman",2026-02-17,09:25,10:25,45,"Lawn Mowing",60,5
522,14,"Pam Kirk",2026-02-18,07:00,08:00,45,"Lawn Mowing",60,5
523,14,"Verda Walsh",2026-02-18,09:19,12:19,350,"Tree Trimming",180,5
524,14,"Rosario Sanchez",2026-02-19,07:00,10:00,350,"Tree Trimming",180,9
525,14,"Diamond Page",2026-02-19,10:49,18:49,800,"Garden Design",480,5
526,14,"Earleen Evans",2026-02-20,07:00,15:00,800,"Garden Design",480,5
527,14,"Charlotte Phillips",2026-02-20,16:21,17:21,45,"Lawn Mowing",60,7
528,14,"Elsa Harper",2026-02-21,07:00,15:00,800,"Garden Design",480,5
529,14,"Katie Payne",2026-02-21,15:58,16:58,45,"Lawn Mowing",60,6
530,15,"Lorenza Gates",2026-02-01,07:00,10:00,550,"Roof Repair",180,9
531,15,"Verdie Tate",2026-02-01,11:02,14:02,550,"Roof Repair",180,9
532,15,"Charlotte Phillips",2026-02-02,07:00,10:00,550,"Roof Repair",180,9
533,15,"Kathryn Baldwin",2026-02-02,10:58,13:58,550,"Roof Repair",180,9
534,15,"Mari Barnes",2026-02-02,15:13,16:43,200,"Roof Inspection",90,9
535,15,"Kai Gutierrez",2026-02-12,07:00,08:30,200,"Roof Inspection",90,9
536,15,"Carmela Little",2026-02-12,09:48,12:48,550,"Roof Repair",180,9
537,15,"Morgan Franklin",2026-02-12,13:44,15:14,200,"Roof Inspection",90,9
538,15,"Leatha Smith",2026-02-14,07:00,10:00,550,"Roof Repair",180,9
539,15,"Jettie Vasquez",2026-02-15,07:00,11:00,900,"Gutter Install",240,5
540,15,"Carl Fisher",2026-02-15,12:11,15:11,550,"Roof Repair",180,7
541,15,"Tanya Howell",2026-02-15,16:36,18:06,200,"Roof Inspection",90,6
542,15,"Nathalie Sanders",2026-02-16,07:00,10:00,550,"Roof Repair",180,9
543,15,"Daniella Kerr",2026-02-16,11:08,15:08,900,"Gutter Install",240,7
544,15,"Tanisha Reed",2026-02-17,07:00,10:00,550,"Roof Repair",180,5
545,15,"Kassandra Maxwell",2026-02-17,10:54,12:24,200,"Roof Inspection",90,5
546,15,"Katelyn Hawkins",2026-02-17,13:49,17:49,900,"Gutter Install",240,7
547,15,"Jenna Gibson",2026-02-18,07:00,15:00,4500,"Shingle Replacement",480,5
548,15,"Latasha Odom",2026-02-19,07:00,10:00,550,"Roof Repair",180,5
549,15,"Rosario Rhodes",2026-02-19,11:03,12:33,200,"Roof Inspection",90,6
550,15,"Debbie Baldwin",2026-02-19,14:02,18:02,900,"Gutter Install",240,5
551,15,"Thelma Jimenez",2026-02-20,07:00,10:00,550,"Roof Repair",180,9
552,15,"Clarice Nguyen",2026-02-20,11:21,14:21,550,"Roof Repair",180,5
553,15,"Domenica Levy",2026-02-20,15:35,18:35,550,"Roof Repair",180,5
554,15,"Alice Scott",2026-02-21,07:00,10:00,550,"Roof Repair",180,5
555,15,"Sonia Benson",2026-02-21,10:51,12:21,200,"Roof Inspection",90,5
556,15,"Marilyn Cooper",2026-02-21,13:33,15:03,200,"Roof Inspection",90,5
557,15,"Kyla Banks",2026-02-22,07:00,11:00,900,"Gutter Install",240,9
558,15,"Fernanda Bennett",2026-02-22,11:48,15:48,900,"Gutter Install",240,7
559,15,"Mimi Phelps",2026-02-23,07:00,10:00,550,"Roof Repair",180,7
560,15,"Charity Livingston",2026-02-23,11:25,12:55,200,"Roof Inspection",90,5
561,15,"Winnie Miles",2026-02-23,14:09,17:09,550,"Roof Repair",180,8
562,15,"Letha Higgins",2026-02-24,07:00,11:00,900,"Gutter Install",240,5
563,15,"Jordyn Melendez",2026-02-24,12:27,13:57,200,"Roof Inspection",90,5
564,15,"Lindsay Hendricks",2026-02-25,07:00,11:00,900,"Gutter Install",240,8
565,15,"Tawana Terrell",2026-02-25,12:05,15:05,550,"Roof Repair",180,8
566,16,"Veronica Bass",2026-02-04,07:00,08:30,200,"Roof Inspection",90,9
567,16,"Livia Benson",2026-02-04,09:53,11:23,200,"Roof Inspection",90,9
568,16,"Dana Allen",2026-02-04,12:18,16:18,900,"Gutter Install",240,9
569,16,"Keri Daniels",2026-02-04,17:18,18:48,200,"Roof Inspection",90,9
570,16,"Sherwood Duke",2026-02-08,07:00,10:00,550,"Roof Repair",180,9
571,16,"Margarette Stewart",2026-02-08,10:59,13:59,550,"Roof Repair",180,9
572,16,"Zula Butler",2026-02-08,15:11,18:11,550,"Roof Repair",180,9
573,16,"Mitzi Stark",2026-02-15,07:00,15:00,4500,"Shingle Replacement",480,9
574,16,"Star Vaughn",2026-02-16,07:00,15:00,4500,"Shingle Replacement",480,9
575,16,"Antoinette Rush",2026-02-17,07:00,11:00,900,"Gutter Install",240,5
576,16,"Manuel Shepherd",2026-02-17,12:17,13:47,200,"Roof Inspection",90,8
577,16,"Gracie Scott",2026-02-18,07:00,15:00,4500,"Shingle Replacement",480,7
578,16,"Emilia Rasmussen",2026-02-18,15:55,18:55,550,"Roof Repair",180,5
579,16,"Eunice Harper",2026-02-19,07:00,11:00,900,"Gutter Install",240,5
580,16,"Florence Jackson",2026-02-19,12:12,15:12,550,"Roof Repair",180,5
581,16,"Christina Harper",2026-02-20,07:00,11:00,900,"Gutter Install",240,5
582,16,"Jillian Norris",2026-02-20,12:29,15:29,550,"Roof Repair",180,9
583,16,"Jax Reynolds",2026-02-21,07:00,10:00,550,"Roof Repair",180,9
584,16,"Landon Berry",2026-02-21,11:13,12:43,200,"Roof Inspection",90,5
585,16,"Violet Marks",2026-02-21,13:57,17:57,900,"Gutter Install",240,7
586,16,"Buford Oneal",2026-02-22,07:00,08:30,200,"Roof Inspection",90,8
587,16,"Aaron Dean",2026-02-22,09:28,17:28,4500,"Shingle Replacement",480,7
588,16,"Estelle Salazar",2026-02-23,07:00,15:00,4500,"Shingle Replacement",480,5
589,16,"Sybil Stanley",2026-02-24,07:00,11:00,900,"Gutter Install",240,5
590,16,"Jeanne Alexander",2026-02-24,12:29,13:59,200,"Roof Inspection",90,9
591,16,"Melodie Hendricks",2026-02-24,15:13,16:43,200,"Roof Inspection",90,5
592,16,"Denise Thornton",2026-02-25,07:00,08:30,200,"Roof Inspection",90,5
593,16,"Alonso York",2026-02-25,09:55,17:55,4500,"Shingle Replacement",480,9
594,16,"Caden Patrick",2026-02-26,07:00,15:00,4500,"Shingle Replacement",480,6
595,16,"Loni Parks",2026-02-26,16:00,17:30,200,"Roof Inspection",90,8
596,16,"Sonja Todd",2026-02-27,07:00,15:00,4500,"Shingle Replacement",480,6
597,16,"Megan Dean",2026-02-28,07:00,11:00,900,"Gutter Install",240,9
598,16,"Terresa Monroe",2026-02-28,11:48,15:48,900,"Gutter Install",240,5
599,16,"Adrian Morgan",2026-02-28,16:36,18:06,200,"Roof Inspection",90,5
600,17,"Fallon Kramer",2026-02-06,07:00,15:00,4500,"Shingle Replacement",480,9
601,17,"Tamika Preston",2026-02-06,16:23,17:53,200,"Roof Inspection",90,9
602,17,"Karina Romero",2026-02-08,07:00,15:00,4500,"Shingle Replacement",480,9
603,17,"Maryanne Gillespie",2026-02-10,07:00,11:00,900,"Gutter Install",240,9
604,17,"Oliva York",2026-02-10,11:49,13:19,200,"Roof Inspection",90,9
605,17,"Audra Randolph",2026-02-10,14:15,18:15,900,"Gutter Install",240,9
606,17,"Kristina Winters",2026-02-13,07:00,08:30,200,"Roof Inspection",90,9
607,17,"Arnita Williamson",2026-02-13,09:46,11:16,200,"Roof Inspection",90,9
608,17,"Pamala Carlson",2026-02-13,12:04,16:04,900,"Gutter Install",240,9
609,17,"Roosevelt Hayes",2026-02-15,07:00,08:30,200,"Roof Inspection",90,5
610,17,"Kira Butler",2026-02-15,09:48,17:48,4500,"Shingle Replacement",480,9
611,17,"Marilee Martinez",2026-02-16,07:00,10:00,550,"Roof Repair",180,5
612,17,"Violet Robbins",2026-02-16,11:26,15:26,900,"Gutter Install",240,7
613,17,"Lydia Webb",2026-02-17,07:00,08:30,200,"Roof Inspection",90,5
614,17,"Whitney Fletcher",2026-02-17,09:40,13:40,900,"Gutter Install",240,9
615,17,"Alana Pratt",2026-02-18,07:00,11:00,900,"Gutter Install",240,5
616,17,"Mitzi Moore",2026-02-18,11:56,15:56,900,"Gutter Install",240,9
617,17,"Sabrina Harris",2026-02-19,07:00,08:30,200,"Roof Inspection",90,9
618,17,"Elaine Kennedy",2026-02-19,09:59,13:59,900,"Gutter Install",240,7
619,17,"Trudie Pollard",2026-02-19,15:11,16:41,200,"Roof Inspection",90,5
620,17,"Dora Lawson",2026-02-20,07:00,08:30,200,"Roof Inspection",90,9
621,17,"Gena Tate",2026-02-20,09:32,11:02,200,"Roof Inspection",90,5
622,17,"Loni Fleming",2026-02-20,11:51,15:51,900,"Gutter Install",240,5
623,17,"Jan Bradley",2026-02-20,17:14,18:44,200,"Roof Inspection",90,5
624,17,"Lorri Ortiz",2026-02-21,07:00,15:00,4500,"Shingle Replacement",480,5
625,17,"Belva Howard",2026-02-22,07:00,11:00,900,"Gutter Install",240,5
626,17,"Summer Fleming",2026-02-22,11:54,14:54,550,"Roof Repair",180,7
627,17,"Ellen Trevino",2026-02-22,15:46,17:16,200,"Roof Inspection",90,5
628,17,"Lisa Johnston",2026-02-23,07:00,08:30,200,"Roof Inspection",90,5
629,17,"Ardith Cochran",2026-02-23,09:38,12:38,550,"Roof Repair",180,6
630,17,"Madalyn Mendoza",2026-02-23,13:31,16:31,550,"Roof Repair",180,8
631,17,"Jodie Yoder",2026-02-24,07:00,08:30,200,"Roof Inspection",90,5
632,17,"Loretta Sanchez",2026-02-24,09:15,17:15,4500,"Shingle Replacement",480,6
633,17,"Jann Woods",2026-02-25,07:00,11:00,900,"Gutter Install",240,7
634,17,"Belva Kirk",2026-02-25,11:56,15:56,900,"Gutter Install",240,5
635,17,"Chanel Hoffman",2026-02-26,07:00,08:30,200,"Roof Inspection",90,7
636,17,"Nancy Bell",2026-02-26,09:45,17:45,4500,"Shingle Replacement",480,5
637,17,"Terresa Monroe",2026-02-27,07:00,15:00,4500,"Shingle Replacement",480,6
638,17,"Brynn Gross",2026-02-28,07:00,08:30,200,"Roof Inspection",90,8
639,17,"Neva Kirk",2026-02-28,09:58,12:58,550,"Roof Repair",180,5
640,18,"Maxine Griffin",2026-02-03,07:00,15:00,4500,"Shingle Replacement",480,9
641,18,"Hayden Mendez",2026-02-03,16:20,17:50,200,"Roof Inspection",90,9
642,18,"Daniella Vaughn",2026-02-06,07:00,08:30,200,"Roof Inspection",90,9
643,18,"Vicky Evans",2026-02-06,09:58,17:58,4500,"Shingle Replacement",480,9
644,18,"Rosie Short",2026-02-08,07:00,10:00,550,"Roof Repair",180,9
645,18,"Terra Cervantes",2026-02-08,11:07,15:07,900,"Gutter Install",240,9
646,18,"Sofia Marks",2026-02-13,07:00,11:00,900,"Gutter Install",240,9
647,18,"Mariann Logan",2026-02-13,11:49,15:49,900,"Gutter Install",240,9
648,18,"Stacy Goodwin",2026-02-15,07:00,15:00,4500,"Shingle Replacement",480,5
649,18,"Lynne Salazar",2026-02-16,07:00,11:00,900,"Gutter Install",240,5
650,18,"Bettina Pate",2026-02-16,11:45,15:45,900,"Gutter Install",240,5
651,18,"Penni Dean",2026-02-17,07:00,10:00,550,"Roof Repair",180,5
652,18,"Audra Watson",2026-02-17,10:51,18:51,4500,"Shingle Replacement",480,5
653,18,"Maximiliano Fleming",2026-02-18,07:00,11:00,900,"Gutter Install",240,9
654,18,"Alta Rose",2026-02-18,11:59,15:59,900,"Gutter Install",240,6
655,18,"Lilla Moore",2026-02-19,07:00,11:00,900,"Gutter Install",240,9
656,18,"Hoyt Perkins",2026-02-20,07:00,10:00,550,"Roof Repair",180,7
657,19,"Lynn Sullivan",2026-02-02,07:00,10:00,550,"Roof Repair",180,9
658,19,"Gilda Phillips",2026-02-03,07:00,08:30,200,"Roof Inspection",90,9
659,19,"Kelsey Maxwell",2026-02-03,09:20,13:20,900,"Gutter Install",240,9
660,19,"Ema Watts",2026-02-03,14:14,18:14,900,"Gutter Install",240,9
661,19,"Lena Rivers",2026-02-08,07:00,15:00,4500,"Shingle Replacement",480,9
662,19,"Ellie Hanna",2026-02-13,07:00,08:30,200,"Roof Inspection",90,9
663,19,"Diamond Chavez",2026-02-13,09:47,13:47,900,"Gutter Install",240,9
664,19,"Adriana Murray",2026-02-14,07:00,08:30,200,"Roof Inspection",90,9
665,19,"Merle Odom",2026-02-14,09:34,12:34,550,"Roof Repair",180,9
666,19,"Edwina Flores",2026-02-14,13:26,17:26,900,"Gutter Install",240,9
667,19,"Tana Klein",2026-02-15,07:00,11:00,900,"Gutter Install",240,5
668,19,"Zora Cline",2026-02-15,12:08,16:08,900,"Gutter Install",240,5
669,19,"Katlyn Johnston",2026-02-16,07:00,08:30,200,"Roof Inspection",90,5
670,19,"Wilfredo Terrell",2026-02-16,09:28,13:28,900,"Gutter Install",240,5
671,19,"Ida Parker",2026-02-17,07:00,08:30,200,"Roof Inspection",90,5
672,19,"Ula Benson",2026-02-17,09:32,11:02,200,"Roof Inspection",90,9
673,19,"Yasmin Higgins",2026-02-18,07:00,10:00,550,"Roof Repair",180,5
674,19,"Twila Wilson",2026-02-18,11:26,12:56,200,"Roof Inspection",90,5
675,19,"Roberta Prince",2026-02-19,07:00,10:00,550,"Roof Repair",180,5
676,19,"Madaline Berry",2026-02-19,11:10,12:40,200,"Roof Inspection",90,9
677,19,"Juanita Wade",2026-02-20,07:00,11:00,900,"Gutter Install",240,5
678,19,"Pamela Vasquez",2026-02-20,12:00,15:00,550,"Roof Repair",180,5
679,19,"Christie Oneal",2026-02-20,15:58,17:28,200,"Roof Inspection",90,7
680,19,"Armida Reyes",2026-02-21,07:00,10:00,550,"Roof Repair",180,6
681,19,"Pamela Long",2026-02-21,10:52,13:52,550,"Roof Repair",180,5
682,19,"Antonio Wright",2026-02-22,07:00,10:00,550,"Roof Repair",180,5
683,19,"Emmie Harper",2026-02-22,10:48,14:48,900,"Gutter Install",240,8
684,20,"Jeanie Hansen",2026-02-03,07:00,10:00,550,"Roof Repair",180,9
685,20,"Beulah Cole",2026-02-04,07:00,11:00,900,"Gutter Install",240,9
686,20,"Layla Meyer",2026-02-08,07:00,10:00,550,"Roof Repair",180,9
687,20,"Evangeline Potter",2026-02-08,11:18,15:18,900,"Gutter Install",240,9
688,20,"Devona English",2026-02-15,07:00,10:00,550,"Roof Repair",180,8
689,20,"Paula James",2026-02-15,11:11,14:11,550,"Roof Repair",180,6
690,20,"Fabiola Finley",2026-02-15,15:34,18:34,550,"Roof Repair",180,7
691,20,"Eugene Howard",2026-02-16,07:00,11:00,900,"Gutter Install",240,5
692,20,"Pearlie Jackson",2026-02-16,11:49,13:19,200,"Roof Inspection",90,5
693,20,"Eric Alexander",2026-02-16,14:06,18:06,900,"Gutter Install",240,5
694,20,"Shelby Fitzgerald",2026-02-17,07:00,10:00,550,"Roof Repair",180,9
695,20,"Mitzi Stark",2026-02-17,10:58,14:58,900,"Gutter Install",240,9
696,20,"Maritza Wood",2026-02-18,07:00,08:30,200,"Roof Inspection",90,5
697,20,"Twyla Murphy",2026-02-18,09:58,13:58,900,"Gutter Install",240,5
698,20,"Amy Stout",2026-02-18,14:44,18:44,900,"Gutter Install",240,9
699,20,"Marlene Hall",2026-02-19,07:00,08:30,200,"Roof Inspection",90,5
700,20,"Della Dunn",2026-02-19,09:27,12:27,550,"Roof Repair",180,5
701,20,"Joy Newman",2026-02-19,13:12,14:42,200,"Roof Inspection",90,6
702,20,"Elinor Hoffman",2026-02-20,07:00,08:30,200,"Roof Inspection",90,5
703,20,"Leanna Johnson",2026-02-20,09:53,17:53,4500,"Shingle Replacement",480,9
704,20,"Maye McGuire",2026-02-21,07:00,15:00,4500,"Shingle Replacement",480,8
705,20,"Marinda Oneill",2026-02-21,16:09,17:39,200,"Roof Inspection",90,7
706,20,"Ivory Sharp",2026-02-22,07:00,15:00,4500,"Shingle Replacement",480,7
707,20,"Rodrigo Wallace",2026-02-23,07:00,15:00,4500,"Shingle Replacement",480,8
708,20,"Lesa Griffin",2026-02-24,07:00,15:00,4500,"Shingle Replacement",480,7
709,20,"Ebonie Patel",2026-02-24,16:29,17:59,200,"Roof Inspection",90,5
710,20,"Lottie Doyle",2026-02-25,07:00,11:00,900,"Gutter Install",240,5
711,20,"Denise Martinez",2026-02-26,07:00,11:00,900,"Gutter Install",240,5
712,20,"Lucile Combs",2026-02-27,07:00,08:30,200,"Roof Inspection",90,5
713,20,"Angelia Thomas",2026-02-27,09:58,13:58,900,"Gutter Install",240,6
714,20,"Suzanne Jensen",2026-02-28,07:00,15:00,4500,"Shingle Replacement",480,6
715,21,"Melodee Lewis",2026-02-03,07:00,08:30,150,"Texture Match",90,9
716,21,"Rosella Mills",2026-02-03,09:28,13:28,400,"Drywall Install",240,9
717,21,"Helen Bass",2026-02-07,07:00,11:00,400,"Drywall Install",240,9
718,21,"Rosaria Adams",2026-02-07,12:14,14:14,180,"Drywall Repair",120,9
719,21,"Mariela Ford",2026-02-07,15:42,17:42,180,"Drywall Repair",120,9
720,21,"Kristie Stark",2026-02-11,07:00,11:00,400,"Drywall Install",240,9
721,21,"Matilda Thompson",2026-02-11,11:50,13:20,150,"Texture Match",90,9
722,21,"Jade Fuller",2026-02-15,07:00,08:30,150,"Texture Match",90,5
723,21,"Aubrey May",2026-02-15,09:55,11:25,150,"Texture Match",90,5
724,21,"Leanna Johnson",2026-02-15,12:37,14:07,150,"Texture Match",90,5
725,21,"Erma Melendez",2026-02-15,15:04,17:04,180,"Drywall Repair",120,5
726,21,"Teresa Vance",2026-02-16,07:00,08:30,150,"Texture Match",90,6
727,21,"Lara Allen",2026-02-16,09:55,11:25,150,"Texture Match",90,5
728,21,"Bernadette Rivera",2026-02-17,07:00,11:00,400,"Drywall Install",240,5
729,21,"Stella Kline",2026-02-17,11:51,15:51,400,"Drywall Install",240,8
730,21,"Ramonita Campbell",2026-02-18,07:00,12:00,350,"Taping & Mudding",300,5
731,21,"Shiela Cooper",2026-02-18,13:15,17:15,400,"Drywall Install",240,5
732,21,"Mandy Henderson",2026-02-19,07:00,08:30,150,"Texture Match",90,8
733,21,"Ronna Holland",2026-02-19,09:32,11:32,180,"Drywall Repair",120,8
734,21,"Thelma Jimenez",2026-02-19,12:55,14:55,180,"Drywall Repair",120,5
735,21,"Charity Salazar",2026-02-20,07:00,08:30,150,"Texture Match",90,7
736,21,"Ivory Gardner",2026-02-20,09:45,14:45,350,"Taping & Mudding",300,5
737,21,"Naomi Young",2026-02-21,07:00,12:00,350,"Taping & Mudding",300,5
738,21,"Lucienne Holmes",2026-02-21,13:27,15:27,180,"Drywall Repair",120,9
739,21,"Melodie McDonald",2026-02-22,07:00,09:00,180,"Drywall Repair",120,5
740,21,"Ora Logan",2026-02-22,09:57,11:27,150,"Texture Match",90,7
741,21,"Belle Cook",2026-02-23,07:00,11:00,400,"Drywall Install",240,5
742,21,"Haley Keller",2026-02-23,12:18,17:18,350,"Taping & Mudding",300,5
743,21,"Robbie Butler",2026-02-24,07:00,12:00,350,"Taping & Mudding",300,6
744,21,"Rhea Myers",2026-02-24,12:56,14:26,150,"Texture Match",90,7
745,21,"Fonda Frank",2026-02-25,07:00,09:00,180,"Drywall Repair",120,5
746,21,"Heather Conner",2026-02-25,10:22,15:22,350,"Taping & Mudding",300,5
747,21,"Krystal McIntyre",2026-02-26,07:00,12:00,350,"Taping & Mudding",300,5
748,21,"Mathilda Carroll",2026-02-26,12:55,14:55,180,"Drywall Repair",120,5
749,22,"Kimberley Wallace",2026-02-05,07:00,08:30,150,"Texture Match",90,9
750,22,"Emery Munoz",2026-02-05,09:19,11:19,180,"Drywall Repair",120,9
751,22,"Lindsay Banks",2026-02-05,12:26,13:56,150,"Texture Match",90,9
752,22,"Stephanie Lewis",2026-02-06,07:00,12:00,350,"Taping & Mudding",300,9
753,22,"Sherry Fry",2026-02-06,12:48,14:48,180,"Drywall Repair",120,9
754,22,"Oliva Hayes",2026-02-09,07:00,08:30,150,"Texture Match",90,9
755,22,"Jonathan Smith",2026-02-09,09:49,14:49,350,"Taping & Mudding",300,9
756,22,"Beatrice Lam",2026-02-12,07:00,09:00,180,"Drywall Repair",120,9
757,22,"Violet Robbins",2026-02-12,10:15,14:15,400,"Drywall Install",240,9
758,22,"Tawanna Stewart",2026-02-12,15:03,16:33,150,"Texture Match",90,9
759,22,"Jordyn Melendez",2026-02-13,07:00,08:30,150,"Texture Match",90,9
760,22,"Mimi Orr",2026-02-13,09:42,11:42,180,"Drywall Repair",120,9
761,22,"Donna Fry",2026-02-13,12:52,14:22,150,"Texture Match",90,9
762,22,"Wilfredo Terrell",2026-02-13,15:41,17:41,180,"Drywall Repair",120,9
763,22,"Paula Santiago",2026-02-15,07:00,09:00,180,"Drywall Repair",120,5
764,22,"Shelby Fitzgerald",2026-02-15,10:03,11:33,150,"Texture Match",90,5
765,22,"Lincoln Doyle",2026-02-15,12:53,17:53,350,"Taping & Mudding",300,5
766,22,"Rhoda Murphy",2026-02-16,07:00,09:00,180,"Drywall Repair",120,5
767,22,"Alejandro Hall",2026-02-16,10:28,12:28,180,"Drywall Repair",120,5
768,22,"Marley White",2026-02-16,13:53,15:23,150,"Texture Match",90,8
769,22,"Roma Hansen",2026-02-17,07:00,11:00,400,"Drywall Install",240,5
770,22,"Romona Harmon",2026-02-17,11:59,16:59,350,"Taping & Mudding",300,5
771,22,"Shanna Lamb",2026-02-18,07:00,08:30,150,"Texture Match",90,5
772,22,"Pam Murphy",2026-02-18,09:42,13:42,400,"Drywall Install",240,9
773,22,"Ola Odom",2026-02-18,15:01,17:01,180,"Drywall Repair",120,5
774,22,"Mitzi Guzman",2026-02-19,07:00,08:30,150,"Texture Match",90,9
775,22,"Marcia Hanson",2026-02-19,09:19,13:19,400,"Drywall Install",240,8
776,22,"Coleen Kim",2026-02-19,14:13,16:13,180,"Drywall Repair",120,6
777,22,"Micaela Gilbert",2026-02-19,17:15,18:45,150,"Texture Match",90,5
778,22,"Mabel Randolph",2026-02-20,07:00,09:00,180,"Drywall Repair",120,6
779,22,"Felicity Cook",2026-02-20,10:12,11:42,150,"Texture Match",90,6
780,22,"Lottie Doyle",2026-02-20,12:56,14:26,150,"Texture Match",90,6
781,22,"Juliana Harmon",2026-02-21,07:00,09:00,180,"Drywall Repair",120,8
782,22,"Antonio Wright",2026-02-21,10:17,14:17,400,"Drywall Install",240,6
783,22,"Hannah Duke",2026-02-21,15:42,17:42,180,"Drywall Repair",120,5
784,22,"Delaine Daniels",2026-02-22,07:00,11:00,400,"Drywall Install",240,5
785,22,"Lindsay Hanson",2026-02-22,11:46,16:46,350,"Taping & Mudding",300,7
786,22,"Kristal Castillo",2026-02-23,07:00,11:00,400,"Drywall Install",240,5
787,22,"Katelyn McLaughlin",2026-02-23,11:54,15:54,400,"Drywall Install",240,5
788,22,"Concepcion Burns",2026-02-24,07:00,09:00,180,"Drywall Repair",120,5
789,22,"Katie Livingston",2026-02-24,10:13,14:13,400,"Drywall Install",240,5
790,22,"Virgie Sullivan",2026-02-24,15:11,16:41,150,"Texture Match",90,6
791,22,"Starla Mendez",2026-02-25,07:00,12:00,350,"Taping & Mudding",300,7
792,22,"Freda Crane",2026-02-25,12:54,16:54,400,"Drywall Install",240,5
793,22,"Valeria Stark",2026-02-26,07:00,11:00,400,"Drywall Install",240,7
794,22,"Sherwood Lopez",2026-02-26,12:15,13:45,150,"Texture Match",90,5
795,23,"Judy Anderson",2026-02-02,07:00,11:00,400,"Drywall Install",240,9
796,23,"Junie Cole",2026-02-02,11:50,13:20,150,"Texture Match",90,9
797,23,"Leo Patterson",2026-02-02,14:36,16:36,180,"Drywall Repair",120,9
798,23,"Lucinda Franklin",2026-02-04,07:00,09:00,180,"Drywall Repair",120,9
799,23,"Rosalinda Hamilton",2026-02-04,09:52,11:52,180,"Drywall Repair",120,9
800,23,"Kira Gutierrez",2026-02-15,07:00,12:00,350,"Taping & Mudding",300,6
801,23,"Sybil Stanley",2026-02-15,13:01,15:01,180,"Drywall Repair",120,6
802,23,"Dina Williamson",2026-02-16,07:00,12:00,350,"Taping & Mudding",300,5
803,23,"Aileen Cannon",2026-02-16,13:05,18:05,350,"Taping & Mudding",300,7
804,24,"Manuel Powell",2026-02-05,07:00,08:30,150,"Texture Match",90,9
805,24,"Ivory Snow",2026-02-05,09:42,11:42,180,"Drywall Repair",120,9
806,24,"Lavada Buchanan",2026-02-05,12:50,17:50,350,"Taping & Mudding",300,9
807,24,"Casandra Hull",2026-02-06,07:00,12:00,350,"Taping & Mudding",300,9
808,24,"Drew Hill",2026-02-06,13:11,17:11,400,"Drywall Install",240,9
809,24,"Latanya Odom",2026-02-08,07:00,12:00,350,"Taping & Mudding",300,9
810,24,"Shari Rose",2026-02-08,13:17,18:17,350,"Taping & Mudding",300,9
811,24,"Nila Adams",2026-02-09,07:00,11:00,400,"Drywall Install",240,9
812,24,"Jacqueline Hamilton",2026-02-09,12:03,13:33,150,"Texture Match",90,9
813,24,"Addison Lee",2026-02-09,14:57,16:57,180,"Drywall Repair",120,9
814,24,"Brandi Paul",2026-02-10,07:00,09:00,180,"Drywall Repair",120,9
815,24,"Tracey Newton",2026-02-10,09:59,11:29,150,"Texture Match",90,9
816,24,"Ivory Villarreal",2026-02-10,12:38,14:08,150,"Texture Match",90,9
817,24,"Ruth Barker",2026-02-14,07:00,12:00,350,"Taping & Mudding",300,9
818,24,"Armida Reyes",2026-02-14,13:21,15:21,180,"Drywall Repair",120,9
819,24,"Kaitlin Martinez",2026-02-15,07:00,12:00,350,"Taping & Mudding",300,6
820,24,"Arletta Mack",2026-02-15,13:13,15:13,180,"Drywall Repair",120,7
821,24,"Stefanie Quinn",2026-02-16,07:00,12:00,350,"Taping & Mudding",300,5
822,24,"Terrell Graham",2026-02-16,13:24,15:24,180,"Drywall Repair",120,7
823,24,"Janet Patrick",2026-02-17,07:00,11:00,400,"Drywall Install",240,5
824,24,"Viola Reynolds",2026-02-17,12:24,13:54,150,"Texture Match",90,5
825,24,"Sindy Rhodes",2026-02-18,07:00,09:00,180,"Drywall Repair",120,7
826,24,"Lucas Santiago",2026-02-18,10:04,12:04,180,"Drywall Repair",120,5
827,24,"Ella Hoffman",2026-02-18,13:33,18:33,350,"Taping & Mudding",300,8
828,24,"Oma Norman",2026-02-19,07:00,12:00,350,"Taping & Mudding",300,5
829,24,"Adolfo Watson",2026-02-19,13:00,18:00,350,"Taping & Mudding",300,6
830,24,"Lolita James",2026-02-20,07:00,11:00,400,"Drywall Install",240,5
831,24,"Emilee Larson",2026-02-20,12:05,17:05,350,"Taping & Mudding",300,5
832,24,"Caden Patrick",2026-02-21,07:00,12:00,350,"Taping & Mudding",300,5
833,24,"Juliana Weaver",2026-02-21,12:52,14:22,150,"Texture Match",90,5
834,24,"Lizeth Romero",2026-02-22,07:00,08:30,150,"Texture Match",90,5
835,24,"Amie Johnson",2026-02-22,09:41,14:41,350,"Taping & Mudding",300,7
836,24,"Stephanie Valdez",2026-02-23,07:00,11:00,400,"Drywall Install",240,5
837,24,"Flossie Thomas",2026-02-23,12:22,17:22,350,"Taping & Mudding",300,8
838,24,"Catherine Buchanan",2026-02-24,07:00,11:00,400,"Drywall Install",240,6
839,24,"Salome Floyd",2026-02-24,11:51,15:51,400,"Drywall Install",240,5
840,24,"Della Watson",2026-02-25,07:00,09:00,180,"Drywall Repair",120,5
841,24,"Mauricio Lindsay",2026-02-25,10:23,11:53,150,"Texture Match",90,5
842,24,"Liz Woods",2026-02-25,12:40,17:40,350,"Taping & Mudding",300,5
843,24,"Naomi Bishop",2026-02-26,07:00,08:30,150,"Texture Match",90,5
844,24,"Verna Ritter",2026-02-26,09:31,13:31,400,"Drywall Install",240,8
845,24,"Rosia Cruz",2026-02-26,14:37,16:37,180,"Drywall Repair",120,5
846,24,"Tim Hanson",2026-02-27,07:00,11:00,400,"Drywall Install",240,5
847,24,"Noreen Dodson",2026-02-27,12:29,16:29,400,"Drywall Install",240,5
848,24,"Isabel Moore",2026-02-28,07:00,11:00,400,"Drywall Install",240,5
849,24,"Jill Robbins",2026-02-28,12:16,16:16,400,"Drywall Install",240,5
850,24,"Janis Phelps",2026-03-01,07:00,08:30,150,"Texture Match",90,6
851,24,"Zelma McKee",2026-03-01,09:48,11:18,150,"Texture Match",90,5
852,24,"Aurora Guerrero",2026-03-01,12:08,17:08,350,"Taping & Mudding",300,9
853,24,"Sandra Jordan",2026-03-02,07:00,11:00,400,"Drywall Install",240,5
854,24,"Penni Lindsay",2026-03-02,12:18,14:18,180,"Drywall Repair",120,5
855,24,"Bentley Cross",2026-03-03,07:00,11:00,400,"Drywall Install",240,9
856,24,"Lelia Turner",2026-03-03,12:16,14:16,180,"Drywall Repair",120,5
857,25,"Cleo English",2026-02-02,07:00,08:30,150,"Texture Match",90,9
858,25,"Queen Reeves",2026-02-02,09:47,14:47,350,"Taping & Mudding",300,9
859,25,"Sandy Rhodes",2026-02-02,16:06,18:06,180,"Drywall Repair",120,9
860,25,"Brandon Graham",2026-02-10,07:00,12:00,350,"Taping & Mudding",300,9
861,25,"Otha Ware",2026-02-10,13:25,18:25,350,"Taping & Mudding",300,9
862,25,"Xenia Conner",2026-02-11,07:00,08:30,150,"Texture Match",90,9
863,25,"Brenda Nelson",2026-02-11,09:48,13:48,400,"Drywall Install",240,9
864,25,"Wesley Weaver",2026-02-11,15:18,16:48,150,"Texture Match",90,9
865,25,"May Berry",2026-02-15,07:00,12:00,350,"Taping & Mudding",300,7
866,25,"Rosamond Zimmerman",2026-02-15,13:15,18:15,350,"Taping & Mudding",300,5
867,25,"Bernetta Clark",2026-02-16,07:00,11:00,400,"Drywall Install",240,5
868,25,"Gussie Sykes",2026-02-16,11:51,15:51,400,"Drywall Install",240,6
869,25,"Melodie Taylor",2026-02-17,07:00,11:00,400,"Drywall Install",240,5
870,25,"Jeanie Hansen",2026-02-17,11:59,13:59,180,"Drywall Repair",120,5
871,25,"Jimmy Peterson",2026-02-17,14:52,18:52,400,"Drywall Install",240,6
872,25,"Krystal McIntyre",2026-02-18,07:00,09:00,180,"Drywall Repair",120,8
873,25,"Alta Rose",2026-02-18,10:02,12:02,180,"Drywall Repair",120,6
874,25,"Nettie Fox",2026-02-18,13:19,14:49,150,"Texture Match",90,9
875,25,"Grover Logan",2026-02-18,15:53,17:53,180,"Drywall Repair",120,5
876,25,"Leora Ramirez",2026-02-19,07:00,11:00,400,"Drywall Install",240,6
877,25,"Vilma Morgan",2026-02-19,12:01,16:01,400,"Drywall Install",240,5
878,25,"Denise McIntyre",2026-02-20,07:00,11:00,400,"Drywall Install",240,5
879,25,"Manuel Powell",2026-02-20,11:53,13:23,150,"Texture Match",90,5
880,25,"Brandon Graham",2026-02-20,14:48,18:48,400,"Drywall Install",240,5
881,25,"Mollie Bailey",2026-02-21,07:00,11:00,400,"Drywall Install",240,5
882,25,"Sara Lindsay",2026-02-21,11:52,16:52,350,"Taping & Mudding",300,5
883,25,"Amy Phelps",2026-02-22,07:00,09:00,180,"Drywall Repair",120,5
884,25,"Summer Short",2026-02-22,10:06,12:06,180,"Drywall Repair",120,5
885,25,"Peggy Stanley",2026-02-22,13:27,18:27,350,"Taping & Mudding",300,5
886,25,"Winter Newton",2026-02-23,07:00,08:30,150,"Texture Match",90,5
887,25,"Irma Gibson",2026-02-23,09:33,11:33,180,"Drywall Repair",120,5
888,25,"Mario English",2026-02-23,12:52,16:52,400,"Drywall Install",240,8
889,26,"Sandra Jordan",2026-02-07,07:00,09:00,180,"Drywall Repair",120,9
890,26,"Daina Thornton",2026-02-07,10:17,15:17,350,"Taping & Mudding",300,9
891,26,"Shari Rose",2026-02-08,07:00,09:00,180,"Drywall Repair",120,9
892,26,"Inez Day",2026-02-08,10:14,12:14,180,"Drywall Repair",120,9
893,26,"Arturo Santiago",2026-02-08,13:26,14:56,150,"Texture Match",90,9
894,26,"Ellie Hanna",2026-02-09,07:00,12:00,350,"Taping & Mudding",300,9
895,26,"Jayne Woods",2026-02-09,12:53,17:53,350,"Taping & Mudding",300,9
896,26,"Alyssa Gillespie",2026-02-12,07:00,12:00,350,"Taping & Mudding",300,9
897,26,"Lawanda Cox",2026-02-12,13:00,18:00,350,"Taping & Mudding",300,9
898,26,"Paisley Miles",2026-02-14,07:00,11:00,400,"Drywall Install",240,9
899,26,"Jana Dean",2026-02-14,11:49,16:49,350,"Taping & Mudding",300,9
900,26,"Mimi Hernandez",2026-02-15,07:00,11:00,400,"Drywall Install",240,7
901,26,"Pearl Gardner",2026-02-15,12:28,16:28,400,"Drywall Install",240,5
902,26,"Diamond Simmons",2026-02-16,07:00,11:00,400,"Drywall Install",240,5
903,26,"Sue Robinson",2026-02-16,12:25,17:25,350,"Taping & Mudding",300,5
904,26,"Mari Acosta",2026-02-17,07:00,12:00,350,"Taping & Mudding",300,9
905,26,"Camila Griffin",2026-02-17,13:26,14:56,150,"Texture Match",90,5
906,26,"Pennie Odonnell",2026-02-17,15:58,17:58,180,"Drywall Repair",120,5
907,26,"Margarette Stewart",2026-02-18,07:00,09:00,180,"Drywall Repair",120,5
908,26,"Janessa Fuller",2026-02-18,10:06,14:06,400,"Drywall Install",240,5
909,26,"Lizeth Romero",2026-02-18,15:26,17:26,180,"Drywall Repair",120,7
910,26,"Kylie Long",2026-02-19,07:00,11:00,400,"Drywall Install",240,5
911,26,"Morgan Franklin",2026-02-19,11:58,15:58,400,"Drywall Install",240,6
912,26,"Reba English",2026-02-19,17:01,18:31,150,"Texture Match",90,8
913,26,"Dennis Gardner",2026-02-20,07:00,11:00,400,"Drywall Install",240,9
914,26,"Dorothy Matthews",2026-02-20,11:56,13:56,180,"Drywall Repair",120,9
915,26,"Nestor Rogers",2026-02-20,15:20,17:20,180,"Drywall Repair",120,5
916,26,"Icy Walsh",2026-02-21,07:00,12:00,350,"Taping & Mudding",300,5
917,26,"Rachel Collins",2026-02-21,13:28,15:28,180,"Drywall Repair",120,5
918,26,"Celia Sanders",2026-02-22,07:00,12:00,350,"Taping & Mudding",300,5
919,26,"Lane Fowler",2026-02-22,13:08,14:38,150,"Texture Match",90,7
920,26,"Finn Wallace",2026-02-23,07:00,09:00,180,"Drywall Repair",120,5
921,26,"Etta Higgins",2026-02-23,10:27,14:27,400,"Drywall Install",240,6
922,27,"Shiela Jones",2026-02-01,07:00,13:00,2200,"Panel Upgrade",360,9
923,27,"Elaina Duke",2026-02-02,07:00,13:00,2200,"Panel Upgrade",360,9
924,27,"Kristen Rasmussen",2026-02-02,14:05,16:05,280,"Wiring Repair",120,9
925,27,"Roseanne Turner",2026-02-02,16:54,17:54,120,"Outlet Install",60,9
926,27,"Wendi Holland",2026-02-05,07:00,07:45,95,"Light Fixture Install",45,9
927,27,"Rita Sweeney",2026-02-05,08:36,09:21,95,"Light Fixture Install",45,9
928,27,"Grace Collins",2026-02-05,10:41,12:41,280,"Wiring Repair",120,9
929,27,"Jayne Woods",2026-02-08,07:00,08:00,120,"Outlet Install",60,9
930,27,"Shelia Brown",2026-02-08,09:16,11:16,280,"Wiring Repair",120,9
931,27,"Aida Johnson",2026-02-08,12:10,13:10,120,"Outlet Install",60,9
932,27,"Odessa Ingram",2026-02-12,07:00,13:00,2200,"Panel Upgrade",360,9
933,27,"Hailey Hale",2026-02-15,07:00,08:00,120,"Outlet Install",60,9
934,27,"Matilda Ingram",2026-02-15,09:09,15:09,2200,"Panel Upgrade",360,5
935,27,"Linus Ingram",2026-02-15,16:22,18:22,280,"Wiring Repair",120,6
936,27,"Brooks Gibson",2026-02-16,07:00,08:00,120,"Outlet Install",60,5
937,27,"Macy Young",2026-02-16,09:16,10:01,95,"Light Fixture Install",45,7
938,27,"Eleanor Rose",2026-02-16,10:59,11:44,95,"Light Fixture Install",45,5
939,27,"Katelyn Goodwin",2026-02-17,07:00,13:00,2200,"Panel Upgrade",360,8
940,27,"Wilma Greene",2026-02-17,14:07,14:52,95,"Light Fixture Install",45,8
941,27,"Ramonita West",2026-02-18,07:00,13:00,2200,"Panel Upgrade",360,9
942,27,"Chase Berry",2026-02-18,14:24,15:24,120,"Outlet Install",60,5
943,27,"Alfreda Nguyen",2026-02-18,16:17,18:17,280,"Wiring Repair",120,7
944,27,"Lindsey Trujillo",2026-02-19,07:00,07:45,95,"Light Fixture Install",45,5
945,27,"Derek Harris",2026-02-19,09:13,15:13,2200,"Panel Upgrade",360,7
946,27,"Alice Scott",2026-02-19,16:18,17:18,120,"Outlet Install",60,5
947,27,"Marilyn Cooper",2026-02-20,07:00,09:00,280,"Wiring Repair",120,9
948,27,"Yasmin Bailey",2026-02-20,09:50,15:50,2200,"Panel Upgrade",360,5
949,27,"Rosella Barton",2026-02-21,07:00,07:45,95,"Light Fixture Install",45,5
950,27,"Gwen Jackson",2026-02-21,08:53,14:53,2200,"Panel Upgrade",360,9
951,27,"Maybelle Pollard",2026-02-21,16:07,16:52,95,"Light Fixture Install",45,9
952,27,"Maddison Hoffman",2026-02-22,07:00,13:00,2200,"Panel Upgrade",360,5
953,27,"Debrah Gibson",2026-02-23,07:00,08:00,120,"Outlet Install",60,5
954,27,"Lashanda Ruiz",2026-02-23,09:16,11:16,280,"Wiring Repair",120,5
955,27,"Autumn Morgan",2026-02-23,12:46,13:31,95,"Light Fixture Install",45,8
956,27,"Brooks Gibson",2026-02-24,07:00,08:00,120,"Outlet Install",60,5
957,27,"Oma Barnes",2026-02-24,09:26,10:11,95,"Light Fixture Install",45,8
958,27,"Kaitlyn O'Brien",2026-02-24,11:12,13:12,280,"Wiring Repair",120,7
959,27,"Alexandra Baker",2026-02-24,14:37,15:22,95,"Light Fixture Install",45,5
960,27,"Maura Lewis",2026-02-25,07:00,09:00,280,"Wiring Repair",120,9
961,27,"Sergio Ross",2026-02-25,10:21,11:21,120,"Outlet Install",60,5
962,27,"Sunny Oliver",2026-02-25,12:26,13:11,95,"Light Fixture Install",45,5
963,27,"Pansy Baker",2026-02-26,07:00,08:00,120,"Outlet Install",60,6
964,27,"Corey Peterson",2026-02-26,09:08,09:53,95,"Light Fixture Install",45,8
965,27,"Marilyn Maxwell",2026-02-26,11:01,11:46,95,"Light Fixture Install",45,5
966,27,"Ezra Maxwell",2026-02-26,13:06,15:06,280,"Wiring Repair",120,5
967,27,"Deirdre Baldwin",2026-02-27,07:00,13:00,2200,"Panel Upgrade",360,5
968,27,"Terresa Monroe",2026-02-27,14:23,15:08,95,"Light Fixture Install",45,5
969,27,"Sandra Rivera",2026-02-27,16:21,17:06,95,"Light Fixture Install",45,9
970,27,"Rae Hernandez",2026-02-28,07:00,09:00,280,"Wiring Repair",120,6
971,27,"Judy Preston",2026-02-28,10:13,16:13,2200,"Panel Upgrade",360,6
972,27,"Fabian Hansen",2026-02-28,17:33,18:33,120,"Outlet Install",60,5
973,28,"Emma Noble",2026-02-02,07:00,09:00,280,"Wiring Repair",120,9
974,28,"Patricia Bryant",2026-02-02,10:02,16:02,2200,"Panel Upgrade",360,9
975,28,"Emely Hull",2026-02-02,16:52,17:52,120,"Outlet Install",60,9
976,28,"Delcie McKee",2026-02-03,07:00,13:00,2200,"Panel Upgrade",360,9
977,28,"Damaris Zimmerman",2026-02-03,13:59,15:59,280,"Wiring Repair",120,9
978,28,"Rachael Hanna",2026-02-03,16:44,17:44,120,"Outlet Install",60,9
979,28,"Nadia Harper",2026-02-05,07:00,08:00,120,"Outlet Install",60,9
980,28,"Janis Reynolds",2026-02-05,08:57,09:42,95,"Light Fixture Install",45,9
981,28,"Alejandro Hall",2026-02-05,10:38,12:38,280,"Wiring Repair",120,9
982,28,"Kaye Proctor",2026-02-05,13:38,15:38,280,"Wiring Repair",120,9
983,28,"Nannette Newton",2026-02-09,07:00,13:00,2200,"Panel Upgrade",360,9
984,28,"Graciela Collins",2026-02-09,14:27,15:27,120,"Outlet Install",60,9
985,28,"Maegan Wood",2026-02-09,16:16,18:16,280,"Wiring Repair",120,9
986,28,"Blanche Harmon",2026-02-12,07:00,07:45,95,"Light Fixture Install",45,9
987,28,"Zelda Lindsay",2026-02-12,09:08,10:08,120,"Outlet Install",60,9
988,28,"Peggy Parker",2026-02-15,07:00,08:00,120,"Outlet Install",60,6
989,28,"Hattie Oneill",2026-02-15,09:15,15:15,2200,"Panel Upgrade",360,8
990,28,"Mollie Oneill",2026-02-15,16:36,17:36,120,"Outlet Install",60,5
991,28,"Griselda Franklin",2026-02-16,07:00,13:00,2200,"Panel Upgrade",360,7
992,28,"Stacia Glover",2026-02-16,14:26,15:11,95,"Light Fixture Install",45,6
993,28,"Mabelle Gutierrez",2026-02-16,16:40,17:25,95,"Light Fixture Install",45,7
994,28,"Janet Patrick",2026-02-17,07:00,13:00,2200,"Panel Upgrade",360,5
995,28,"Kara West",2026-02-17,14:24,15:24,120,"Outlet Install",60,5
996,28,"Nila Morrison",2026-02-17,16:47,17:47,120,"Outlet Install",60,5
997,28,"Jerry Davis",2026-02-18,07:00,07:45,95,"Light Fixture Install",45,8
998,28,"Juanita Nelson",2026-02-18,09:10,11:10,280,"Wiring Repair",120,5
999,28,"Fatima Oneal",2026-02-18,11:57,12:57,120,"Outlet Install",60,5
1000,28,"Thalia Jackson",2026-02-18,13:56,15:56,280,"Wiring Repair",120,6
1001,28,"Estelle Glover",2026-02-19,07:00,09:00,280,"Wiring Repair",120,5
1002,28,"Milagros McBride",2026-02-19,10:05,16:05,2200,"Panel Upgrade",360,7
1003,28,"Betty Murray",2026-02-20,07:00,09:00,280,"Wiring Repair",120,8
1004,28,"Trevor Lam",2026-02-20,10:25,11:25,120,"Outlet Install",60,6
1005,28,"Hellen Short",2026-02-20,12:53,13:38,95,"Light Fixture Install",45,5
1006,28,"Damaris Munoz",2026-02-21,07:00,09:00,280,"Wiring Repair",120,6
1007,28,"Lenora Randolph",2026-02-21,10:05,10:50,95,"Light Fixture Install",45,9
1008,28,"Georgiana Marks",2026-02-21,12:10,13:10,120,"Outlet Install",60,5
1009,28,"Rafael Russell",2026-02-21,14:38,15:23,95,"Light Fixture Install",45,6
1010,28,"Ethelyn Robinson",2026-02-22,07:00,07:45,95,"Light Fixture Install",45,6
1011,28,"Elaine Patterson",2026-02-22,09:14,15:14,2200,"Panel Upgrade",360,9
1012,28,"Tabitha Ramirez",2026-02-22,16:39,18:39,280,"Wiring Repair",120,8
1013,28,"Alexandra Horton",2026-02-23,07:00,09:00,280,"Wiring Repair",120,8
1014,28,"Lauri Logan",2026-02-23,10:19,12:19,280,"Wiring Repair",120,5
1015,28,"Oscar Vance",2026-02-23,13:20,14:20,120,"Outlet Install",60,7
1016,28,"Katlyn Johnston",2026-02-24,07:00,08:00,120,"Outlet Install",60,5
1017,28,"Lizette Miller",2026-02-24,09:30,15:30,2200,"Panel Upgrade",360,6
1018,28,"Nancie McLaughlin",2026-02-25,07:00,08:00,120,"Outlet Install",60,5
1019,28,"Mayme Larsen",2026-02-25,09:13,10:13,120,"Outlet Install",60,8
1020,28,"Peggy Stark",2026-02-25,11:29,13:29,280,"Wiring Repair",120,7
1021,28,"Louisa Simpson",2026-02-25,14:30,16:30,280,"Wiring Repair",120,5
1022,29,"Devona Sanders",2026-02-01,07:00,07:45,95,"Light Fixture Install",45,9
1023,29,"Mia Morgan",2026-02-01,08:49,14:49,2200,"Panel Upgrade",360,9
1024,29,"Janell Stewart",2026-02-01,15:49,16:34,95,"Light Fixture Install",45,9
1025,29,"Jade Flores",2026-02-04,07:00,08:00,120,"Outlet Install",60,9
1026,29,"Lynn Alexander",2026-02-04,09:10,15:10,2200,"Panel Upgrade",360,9
1027,29,"Princess Barker",2026-02-04,16:10,16:55,95,"Light Fixture Install",45,9
1028,29,"Ardeth Bowman",2026-02-10,07:00,13:00,2200,"Panel Upgrade",360,9
1029,29,"Aaron Dean",2026-02-10,13:47,14:47,120,"Outlet Install",60,9
1030,29,"Sherry Fleming",2026-02-10,16:12,16:57,95,"Light Fixture Install",45,9
1031,29,"Dominique Stuart",2026-02-10,17:50,18:50,120,"Outlet Install",60,9
1032,29,"Sarah Guzman",2026-02-12,07:00,08:00,120,"Outlet Install",60,9
1033,29,"Willa Chavez",2026-02-12,08:45,14:45,2200,"Panel Upgrade",360,9
1034,29,"Nan Burns",2026-02-12,15:36,17:36,280,"Wiring Repair",120,9
1035,29,"Arlyne Bryant",2026-02-13,07:00,09:00,280,"Wiring Repair",120,9
1036,29,"Kyla Rivers",2026-02-13,10:07,11:07,120,"Outlet Install",60,9
1037,29,"Freda Crane",2026-02-13,12:32,13:17,95,"Light Fixture Install",45,9
1038,29,"Katlyn Wallace",2026-02-14,07:00,07:45,95,"Light Fixture Install",45,9
1039,29,"Lacey Daniels",2026-02-14,08:50,09:35,95,"Light Fixture Install",45,9
1040,29,"Buford Ellis",2026-02-14,10:33,12:33,280,"Wiring Repair",120,9
1041,29,"Sarah Ross",2026-02-15,07:00,09:00,280,"Wiring Repair",120,5
1042,29,"Dolly Wright",2026-02-15,09:45,15:45,2200,"Panel Upgrade",360,5
1043,29,"Maye Stone",2026-02-15,17:14,18:14,120,"Outlet Install",60,5
1044,29,"Yadira Peck",2026-02-16,07:00,08:00,120,"Outlet Install",60,8
1045,29,"Ebony Murray",2026-02-16,09:05,09:50,95,"Light Fixture Install",45,6
1046,29,"Elia Fletcher",2026-02-16,10:57,11:57,120,"Outlet Install",60,7
1047,29,"Reid Valencia",2026-02-17,07:00,07:45,95,"Light Fixture Install",45,5
1048,29,"Easter Richardson",2026-02-17,08:32,14:32,2200,"Panel Upgrade",360,8
1049,29,"Rachael Cook",2026-02-17,15:30,17:30,280,"Wiring Repair",120,5
1050,29,"Hunter Buchanan",2026-02-18,07:00,13:00,2200,"Panel Upgrade",360,5
1051,29,"Molly Duran",2026-02-18,14:04,16:04,280,"Wiring Repair",120,9
1052,29,"Leticia Barton",2026-02-19,07:00,07:45,95,"Light Fixture Install",45,9
1053,29,"Judy Preston",2026-02-19,08:46,10:46,280,"Wiring Repair",120,7
1054,29,"Lindsay Banks",2026-02-19,11:59,13:59,280,"Wiring Repair",120,5
1055,29,"Kira Kerr",2026-02-20,07:00,08:00,120,"Outlet Install",60,7
1056,29,"Alyce Leach",2026-02-20,09:21,15:21,2200,"Panel Upgrade",360,5
1057,29,"Katelyn Goodwin",2026-02-21,07:00,08:00,120,"Outlet Install",60,5
1058,29,"Summer Hull",2026-02-21,09:19,10:04,95,"Light Fixture Install",45,6
1059,29,"Felix Pierce",2026-02-21,10:50,11:50,120,"Outlet Install",60,6
1060,29,"Sherry Fry",2026-02-21,13:12,13:57,95,"Light Fixture Install",45,9
1061,29,"Antonette Sanders",2026-02-22,07:00,09:00,280,"Wiring Repair",120,6
1062,29,"Drew Hill",2026-02-22,09:57,10:57,120,"Outlet Install",60,5
1063,29,"Gussie Miles",2026-02-22,11:44,12:29,95,"Light Fixture Install",45,6
1064,30,"Lorna Lam",2026-02-02,07:00,08:00,120,"Outlet Install",60,9
1065,30,"Betty Freeman",2026-02-02,09:11,11:11,280,"Wiring Repair",120,9
1066,30,"Easter Richardson",2026-02-02,12:03,13:03,120,"Outlet Install",60,9
1067,30,"Zula Butler",2026-02-02,14:02,14:47,95,"Light Fixture Install",45,9
1068,30,"Jerry Davis",2026-02-02,15:50,16:50,120,"Outlet Install",60,9
1069,30,"Raina Cross",2026-02-06,07:00,13:00,2200,"Panel Upgrade",360,9
1070,30,"Hayden Parks",2026-02-06,13:50,14:50,120,"Outlet Install",60,9
1071,30,"Elaine Ford",2026-02-06,16:17,17:02,95,"Light Fixture Install",45,9
1072,30,"Hazel Jenkins",2026-02-09,07:00,08:00,120,"Outlet Install",60,9
1073,30,"Paulette Gilbert",2026-02-09,09:03,09:48,95,"Light Fixture Install",45,9
1074,30,"Preston Bailey",2026-02-09,11:03,17:03,2200,"Panel Upgrade",360,9
1075,30,"Sandra Kerr",2026-02-13,07:00,13:00,2200,"Panel Upgrade",360,9
1076,30,"Lyla Knapp",2026-02-13,14:01,14:46,95,"Light Fixture Install",45,9
1077,30,"Tamika Scott",2026-02-13,15:34,16:34,120,"Outlet Install",60,9
1078,30,"Zora Dunn",2026-02-15,07:00,09:00,280,"Wiring Repair",120,9
1079,30,"Pearl Singleton",2026-02-15,09:51,10:36,95,"Light Fixture Install",45,5
1080,30,"Karin Bass",2026-02-15,11:35,17:35,2200,"Panel Upgrade",360,9
1081,30,"Mimi Hernandez",2026-02-16,07:00,08:00,120,"Outlet Install",60,5
1082,30,"Tilda Hamilton",2026-02-16,08:47,10:47,280,"Wiring Repair",120,8
1083,30,"Carissa Larson",2026-02-16,11:57,12:42,95,"Light Fixture Install",45,8
1084,30,"Brenda Watts",2026-02-17,07:00,08:00,120,"Outlet Install",60,5
1085,30,"Melodie Kim",2026-02-17,09:18,10:18,120,"Outlet Install",60,5
1086,30,"Narcissa Cochran",2026-02-17,11:31,17:31,2200,"Panel Upgrade",360,5
1087,30,"Tammy Berry",2026-02-18,07:00,07:45,95,"Light Fixture Install",45,5
1088,30,"Adolfo Walsh",2026-02-18,08:44,09:44,120,"Outlet Install",60,5
1089,30,"Shelby Morgan",2026-02-18,11:02,11:47,95,"Light Fixture Install",45,5
1090,30,"Lina Gardner",2026-02-19,07:00,09:00,280,"Wiring Repair",120,5
1091,30,"Stacia Glover",2026-02-19,09:57,11:57,280,"Wiring Repair",120,5
1092,30,"Ashley Johnson",2026-02-19,13:21,14:06,95,"Light Fixture Install",45,5
1093,30,"Macy Nguyen",2026-02-20,07:00,09:00,280,"Wiring Repair",120,5
1094,30,"Shiela Jones",2026-02-20,09:57,11:57,280,"Wiring Repair",120,9
1095,30,"Lindsay Cox",2026-02-20,12:47,18:47,2200,"Panel Upgrade",360,5
1096,30,"Selina Barton",2026-02-21,07:00,13:00,2200,"Panel Upgrade",360,5
1097,30,"Damaris Munoz",2026-02-21,14:02,14:47,95,"Light Fixture Install",45,6
1098,30,"Elsa Solis",2026-02-21,15:55,16:40,95,"Light Fixture Install",45,9
1099,30,"Jean Peterson",2026-02-21,17:31,18:16,95,"Light Fixture Install",45,5
1100,30,"Ladonna Watts",2026-02-22,07:00,09:00,280,"Wiring Repair",120,5
1101,30,"Deirdre Glover",2026-02-22,09:57,11:57,280,"Wiring Repair",120,5
1102,30,"Tamika Berry",2026-02-22,13:05,15:05,280,"Wiring Repair",120,5
1103,31,"Pandora Duran",2026-02-02,07:00,13:00,2200,"Panel Upgrade",360,9
1104,31,"Mae George",2026-02-02,14:00,14:45,95,"Light Fixture Install",45,9
1105,31,"Hollie Campbell",2026-02-02,15:36,16:21,95,"Light Fixture Install",45,9
1106,31,"Ivory Poole",2026-02-02,17:09,17:54,95,"Light Fixture Install",45,9
1107,31,"Mollie Hunt",2026-02-10,07:00,09:00,280,"Wiring Repair",120,9
1108,31,"Alice Gardner",2026-02-10,09:53,10:38,95,"Light Fixture Install",45,9
1109,31,"Dian Odonnell",2026-02-11,07:00,07:45,95,"Light Fixture Install",45,9
1110,31,"Kirstin Fisher",2026-02-11,08:49,14:49,2200,"Panel Upgrade",360,9
1111,31,"Lucinda Rose",2026-02-15,07:00,09:00,280,"Wiring Repair",120,9
1112,31,"Dee Brown",2026-02-15,10:26,16:26,2200,"Panel Upgrade",360,7
1113,31,"Rita Odom",2026-02-15,17:37,18:37,120,"Outlet Install",60,7
1114,31,"Monika Barnes",2026-02-16,07:00,07:45,95,"Light Fixture Install",45,7
1115,31,"Violet Robbins",2026-02-16,09:00,11:00,280,"Wiring Repair",120,7
1116,31,"Angelia Hernandez",2026-02-17,07:00,08:00,120,"Outlet Install",60,5
1117,31,"Mari Barnes",2026-02-17,09:13,10:13,120,"Outlet Install",60,6
1118,31,"Josiah McGuire",2026-02-17,11:01,17:01,2200,"Panel Upgrade",360,5
1119,31,"Roma Ward",2026-02-18,07:00,08:00,120,"Outlet Install",60,5
1120,31,"Marina Sykes",2026-02-18,09:20,15:20,2200,"Panel Upgrade",360,5
1121,31,"Devon Prince",2026-02-18,16:09,16:54,95,"Light Fixture Install",45,9
1122,31,"Tonia Cooper",2026-02-19,07:00,13:00,2200,"Panel Upgrade",360,8
1123,31,"Sasha Hendricks",2026-02-19,13:47,14:47,120,"Outlet Install",60,5
1124,31,"Hayley Foster",2026-02-20,07:00,13:00,2200,"Panel Upgrade",360,5
1125,31,"Wendi Holland",2026-02-20,14:11,14:56,95,"Light Fixture Install",45,5
1126,31,"Jenna Ramos",2026-02-21,07:00,07:45,95,"Light Fixture Install",45,9
1127,31,"Catalina George",2026-02-21,08:32,09:32,120,"Outlet Install",60,7
1128,31,"Maegan Padilla",2026-02-22,07:00,13:00,2200,"Panel Upgrade",360,5
1129,31,"Audie Valencia",2026-02-22,14:01,14:46,95,"Light Fixture Install",45,8
1130,31,"Cruz Baldwin",2026-02-22,15:31,16:31,120,"Outlet Install",60,9
1131,31,"Deirdre Baldwin",2026-02-23,07:00,09:00,280,"Wiring Repair",120,5
1132,31,"Freida Valdez",2026-02-23,10:21,11:21,120,"Outlet Install",60,5
1133,31,"Lauren Bass",2026-02-23,12:46,18:46,2200,"Panel Upgrade",360,5
1134,32,"Carolina Maxwell",2026-02-02,07:00,13:00,2200,"Panel Upgrade",360,9
1135,32,"Sheila Winters",2026-02-02,13:50,15:50,280,"Wiring Repair",120,9
1136,32,"Cristina Reynolds",2026-02-04,07:00,13:00,2200,"Panel Upgrade",360,9
1137,32,"Danyell Cooper",2026-02-04,14:04,14:49,95,"Light Fixture Install",45,9
1138,32,"Selena Mendoza",2026-02-06,07:00,08:00,120,"Outlet Install",60,9
1139,32,"Belle McBride",2026-02-06,09:19,11:19,280,"Wiring Repair",120,9
1140,32,"Estelle Salazar",2026-02-06,12:41,14:41,280,"Wiring Repair",120,9
1141,32,"Taryn Combs",2026-02-06,15:28,17:28,280,"Wiring Repair",120,9
1142,32,"Susie Wells",2026-02-08,07:00,13:00,2200,"Panel Upgrade",360,9
1143,32,"Ouida Ward",2026-02-10,07:00,13:00,2200,"Panel Upgrade",360,9
1144,32,"Juanita Zimmerman",2026-02-10,14:24,16:24,280,"Wiring Repair",120,9
1145,32,"Manuela Bowman",2026-02-11,07:00,08:00,120,"Outlet Install",60,9
1146,32,"Arlyne Hernandez",2026-02-11,09:30,11:30,280,"Wiring Repair",120,9
1147,32,"Marlena Hawkins",2026-02-11,12:34,13:19,95,"Light Fixture Install",45,9
1148,32,"Liz Pate",2026-02-15,07:00,09:00,280,"Wiring Repair",120,8
1149,32,"Marinda Harvey",2026-02-15,09:51,11:51,280,"Wiring Repair",120,5
1150,32,"Marguerite Maxwell",2026-02-16,07:00,09:00,280,"Wiring Repair",120,5
1151,32,"Cecelia Stephens",2026-02-16,10:21,11:06,95,"Light Fixture Install",45,5
1152,32,"Kerri Barnes",2026-02-16,12:17,13:02,95,"Light Fixture Install",45,5
1153,33,"Ora Harper",2026-02-05,07:00,13:00,2200,"Panel Upgrade",360,9
1154,33,"Mari Acosta",2026-02-05,14:12,14:57,95,"Light Fixture Install",45,9
1155,33,"Lilla Odom",2026-02-05,16:03,18:03,280,"Wiring Repair",120,9
1156,33,"Philip Reynolds",2026-02-10,07:00,08:00,120,"Outlet Install",60,9
1157,33,"Junie Valdez",2026-02-10,08:53,09:53,120,"Outlet Install",60,9
1158,33,"Linda Romero",2026-02-10,10:47,11:47,120,"Outlet Install",60,9
1159,33,"Dena Gillespie",2026-02-10,12:41,13:26,95,"Light Fixture Install",45,9
1160,33,"Matilda Thompson",2026-02-15,07:00,09:00,280,"Wiring Repair",120,8
1161,33,"Keri Randolph",2026-02-15,10:17,11:02,95,"Light Fixture Install",45,5
1162,33,"Kelsi Cruz",2026-02-15,12:20,13:20,120,"Outlet Install",60,5
1163,33,"Alana King",2026-02-16,07:00,09:00,280,"Wiring Repair",120,5
1164,33,"Preston Bailey",2026-02-16,09:55,10:40,95,"Light Fixture Install",45,5
1165,33,"Elmira Oneill",2026-02-16,11:42,13:42,280,"Wiring Repair",120,9
1166,33,"Nell Evans",2026-02-17,07:00,08:00,120,"Outlet Install",60,5
1167,33,"Marina Combs",2026-02-17,08:53,09:53,120,"Outlet Install",60,7
1168,33,"Sheena Graham",2026-02-17,11:21,17:21,2200,"Panel Upgrade",360,5
1169,33,"Loni Parks",2026-02-18,07:00,09:00,280,"Wiring Repair",120,8
1170,33,"Forrest Duncan",2026-02-18,10:11,12:11,280,"Wiring Repair",120,8
1171,33,"Carissa Larson",2026-02-18,13:18,15:18,280,"Wiring Repair",120,5
1172,33,"Luna Cole",2026-02-19,07:00,13:00,2200,"Panel Upgrade",360,7
1173,33,"Starla Mendez",2026-02-19,13:51,14:51,120,"Outlet Install",60,6
1174,33,"Suzette Oneal",2026-02-20,07:00,13:00,2200,"Panel Upgrade",360,5
1175,33,"Siobhan Combs",2026-02-20,13:47,14:32,95,"Light Fixture Install",45,5
1176,33,"Emilia Rasmussen",2026-02-20,15:24,16:09,95,"Light Fixture Install",45,6
1177,33,"Octavia Meyer",2026-02-21,07:00,09:00,280,"Wiring Repair",120,5
1178,33,"Dorathy Hernandez",2026-02-21,10:21,16:21,2200,"Panel Upgrade",360,5
1179,33,"Jeana Ward",2026-02-22,07:00,07:45,95,"Light Fixture Install",45,5
1180,33,"Zachary Sweeney",2026-02-22,08:53,09:53,120,"Outlet Install",60,8
1181,33,"Kesha Hill",2026-02-22,11:07,13:07,280,"Wiring Repair",120,5
1182,33,"Alyssa Hill",2026-02-23,07:00,09:00,280,"Wiring Repair",120,5
1183,33,"Tonia Harper",2026-02-23,10:10,12:10,280,"Wiring Repair",120,6
1184,33,"Windy Gordon",2026-02-23,13:12,15:12,280,"Wiring Repair",120,7
1185,33,"Diane Thomas",2026-02-24,07:00,09:00,280,"Wiring Repair",120,7
1186,33,"Lenora Randolph",2026-02-24,10:06,12:06,280,"Wiring Repair",120,8
1187,33,"Christie Oneal",2026-02-24,12:57,14:57,280,"Wiring Repair",120,5
1188,33,"Linda Rhodes",2026-02-24,16:13,17:13,120,"Outlet Install",60,5
1189,33,"Amelia Rush",2026-02-25,07:00,09:00,280,"Wiring Repair",120,7
1190,33,"Dorotha Kennedy",2026-02-25,09:57,10:57,120,"Outlet Install",60,9
1191,33,"Lucie Melendez",2026-02-25,11:53,12:53,120,"Outlet Install",60,7
1192,33,"Kenya Murray",2026-02-26,07:00,08:00,120,"Outlet Install",60,8
1193,33,"Jennifer Martin",2026-02-26,09:10,11:10,280,"Wiring Repair",120,5
1194,33,"Leo Patterson",2026-02-26,12:03,18:03,2200,"Panel Upgrade",360,7
1195,34,"Tanesha McBride",2026-02-02,07:00,15:00,4500,"AC Install",480,9
1196,34,"Luella Gallagher",2026-02-02,16:22,18:22,250,"Furnace Repair",120,9
1197,34,"Leslie Hughes",2026-02-03,07:00,08:30,120,"AC Tune-Up",90,9
1198,34,"Gena Lopez",2026-02-03,09:57,11:27,120,"AC Tune-Up",90,9
1199,34,"Sheena Lam",2026-02-04,07:00,09:00,250,"Furnace Repair",120,9
1200,34,"Jena Lynch",2026-02-04,10:08,11:38,120,"AC Tune-Up",90,9
1201,34,"Georgann Thompson",2026-02-04,12:37,15:37,350,"Duct Cleaning",180,9
1202,34,"Juliana Ortiz",2026-02-09,07:00,08:30,120,"AC Tune-Up",90,9
1203,34,"Norbert Bowman",2026-02-09,10:00,12:00,250,"Furnace Repair",120,9
1204,34,"Napoleon Daniels",2026-02-12,07:00,09:00,250,"Furnace Repair",120,9
1205,34,"Beatrice Trujillo",2026-02-12,10:02,18:02,4500,"AC Install",480,9
1206,34,"Lorene York",2026-02-15,07:00,09:00,250,"Furnace Repair",120,5
1207,34,"Vera Knapp",2026-02-15,09:52,12:52,350,"Duct Cleaning",180,5
1208,34,"Ruth Ware",2026-02-16,07:00,10:00,350,"Duct Cleaning",180,8
1209,34,"Earline Vaughn",2026-02-16,10:54,13:54,350,"Duct Cleaning",180,5
1210,34,"Ivana Gutierrez",2026-02-17,07:00,10:00,350,"Duct Cleaning",180,5
1211,34,"Naomi Young",2026-02-18,07:00,15:00,4500,"AC Install",480,8
1212,34,"Geneva Jensen",2026-02-18,15:56,17:26,120,"AC Tune-Up",90,5
1213,34,"Ardella Howard",2026-02-19,07:00,15:00,4500,"AC Install",480,5
1214,34,"Susann Munoz",2026-02-20,07:00,09:00,250,"Furnace Repair",120,5
1215,34,"Elsa Leach",2026-02-20,10:22,11:52,120,"AC Tune-Up",90,6
1216,34,"Nikki Rogers",2026-02-20,12:38,14:38,250,"Furnace Repair",120,6
1217,34,"Skylar Terrell",2026-02-21,07:00,08:30,120,"AC Tune-Up",90,8
1218,34,"Irene Poole",2026-02-21,09:59,12:59,350,"Duct Cleaning",180,5
1219,34,"Shelby Fitzgerald",2026-02-21,14:16,16:16,250,"Furnace Repair",120,5
1220,35,"Meta Ramirez",2026-02-01,07:00,15:00,4500,"AC Install",480,9
1221,35,"Delores Quintero",2026-02-07,07:00,09:00,250,"Furnace Repair",120,9
1222,35,"Raphael Morris",2026-02-07,09:48,17:48,4500,"AC Install",480,9
1223,35,"Margret Patterson",2026-02-15,07:00,09:00,250,"Furnace Repair",120,5
1224,35,"Diamond Barton",2026-02-15,09:58,11:58,250,"Furnace Repair",120,7
1225,35,"Juliet Oliver",2026-02-16,07:00,10:00,350,"Duct Cleaning",180,5
1226,35,"Ruthe Stephens",2026-02-16,10:49,13:49,350,"Duct Cleaning",180,5
1227,35,"Sarah Ross",2026-02-17,07:00,15:00,4500,"AC Install",480,5
1228,35,"Lauri Logan",2026-02-17,16:30,18:00,120,"AC Tune-Up",90,5
1229,35,"Lucienne Holmes",2026-02-18,07:00,15:00,4500,"AC Install",480,6
1230,35,"Lauri Meyer",2026-02-18,16:20,17:50,120,"AC Tune-Up",90,7
1231,36,"Kaitlyn Cline",2026-02-01,07:00,15:00,4500,"AC Install",480,9
1232,36,"Kristie Wilson",2026-02-10,07:00,10:00,350,"Duct Cleaning",180,9
1233,36,"Braden Livingston",2026-02-12,07:00,08:30,120,"AC Tune-Up",90,9
1234,36,"Channie Simpson",2026-02-12,09:44,12:44,350,"Duct Cleaning",180,9
1235,36,"Kerri Barnes",2026-02-12,13:49,15:49,250,"Furnace Repair",120,9
1236,36,"Tracey Lynch",2026-02-15,07:00,10:00,350,"Duct Cleaning",180,6
1237,36,"Marquita Dennis",2026-02-15,10:46,13:46,350,"Duct Cleaning",180,5
1238,36,"Sierra Maldonado",2026-02-15,14:31,17:31,350,"Duct Cleaning",180,5
1239,36,"Marley Garcia",2026-02-16,07:00,08:30,120,"AC Tune-Up",90,9
1240,36,"Carla Wilkinson",2026-02-16,09:40,12:40,350,"Duct Cleaning",180,5
1241,36,"Kathaleen Lawson",2026-02-16,14:02,15:32,120,"AC Tune-Up",90,8
1242,36,"Rachel Rose",2026-02-17,07:00,09:00,250,"Furnace Repair",120,7
1243,36,"Roosevelt Larson",2026-02-17,10:10,13:10,350,"Duct Cleaning",180,5
1244,36,"Kiana Valencia",2026-02-17,14:17,17:17,350,"Duct Cleaning",180,5
1245,36,"Naomi Bishop",2026-02-18,07:00,08:30,120,"AC Tune-Up",90,5
1246,36,"Ivan Graham",2026-02-18,09:16,12:16,350,"Duct Cleaning",180,5
1247,36,"Annie Cole",2026-02-19,07:00,08:30,120,"AC Tune-Up",90,7
1248,36,"Freida Morgan",2026-02-19,09:35,17:35,4500,"AC Install",480,8
1249,36,"Rosario Gates",2026-02-20,07:00,09:00,250,"Furnace Repair",120,5
1250,36,"Susan Gardner",2026-02-20,10:14,12:14,250,"Furnace Repair",120,6
1251,36,"Keri Daniels",2026-02-21,07:00,10:00,350,"Duct Cleaning",180,5
1252,36,"Rachael Hale",2026-02-21,11:15,12:45,120,"AC Tune-Up",90,5
1253,36,"Layla Vasquez",2026-02-21,13:38,15:38,250,"Furnace Repair",120,5
1254,37,"Thelma Cochran",2026-02-06,07:00,08:30,120,"AC Tune-Up",90,9
1255,37,"Lidia Fleming",2026-02-06,09:41,11:11,120,"AC Tune-Up",90,9
1256,37,"Gloria Zimmerman",2026-02-06,12:12,13:42,120,"AC Tune-Up",90,9
1257,37,"Melodie Hendricks",2026-02-09,07:00,10:00,350,"Duct Cleaning",180,9
1258,37,"Ruthie Wyatt",2026-02-09,11:10,14:10,350,"Duct Cleaning",180,9
1259,37,"Ida Ingram",2026-02-09,15:06,17:06,250,"Furnace Repair",120,9
1260,37,"Nadia Dawson",2026-02-10,07:00,09:00,250,"Furnace Repair",120,9
1261,37,"Daisy Bailey",2026-02-10,09:59,12:59,350,"Duct Cleaning",180,9
1262,37,"Maegan Padilla",2026-02-10,13:44,15:14,120,"AC Tune-Up",90,9
1263,37,"Ralph Kirk",2026-02-11,07:00,08:30,120,"AC Tune-Up",90,9
1264,37,"Caitlyn Oliver",2026-02-11,09:29,17:29,4500,"AC Install",480,9
1265,37,"Icy Reeves",2026-02-12,07:00,09:00,250,"Furnace Repair",120,9
1266,37,"Yvonne Solis",2026-02-12,10:20,18:20,4500,"AC Install",480,9
1267,37,"Jada Ruiz",2026-02-13,07:00,10:00,350,"Duct Cleaning",180,9
1268,37,"Ozella Todd",2026-02-13,11:04,12:34,120,"AC Tune-Up",90,9
1269,37,"Candace Palmer",2026-02-13,13:40,15:40,250,"Furnace Repair",120,9
1270,37,"Kristen Daniels",2026-02-15,07:00,15:00,4500,"AC Install",480,6
1271,37,"Carly Cross",2026-02-16,07:00,10:00,350,"Duct Cleaning",180,9
1272,37,"Myra Flores",2026-02-16,11:21,12:51,120,"AC Tune-Up",90,8
1273,37,"Pam Cochran",2026-02-16,14:06,16:06,250,"Furnace Repair",120,8
1274,37,"Hadley Ellis",2026-02-17,07:00,15:00,4500,"AC Install",480,6
1275,37,"Skylar Terrell",2026-02-17,15:50,17:50,250,"Furnace Repair",120,5
1276,37,"Brenda Nelson",2026-02-18,07:00,10:00,350,"Duct Cleaning",180,5
1277,37,"Zachary Sweeney",2026-02-18,11:27,14:27,350,"Duct Cleaning",180,5
1278,37,"Cecelia Stephens",2026-02-18,15:49,17:49,250,"Furnace Repair",120,5
1279,37,"Charlotte Price",2026-02-19,07:00,08:30,120,"AC Tune-Up",90,7
1280,37,"Mae Kirk",2026-02-19,09:45,11:15,120,"AC Tune-Up",90,5
1281,37,"Fernanda Bennett",2026-02-19,12:17,15:17,350,"Duct Cleaning",180,5
1282,37,"Marguerite Ritter",2026-02-20,07:00,09:00,250,"Furnace Repair",120,5
1283,37,"Carmen Garcia",2026-02-20,09:55,12:55,350,"Duct Cleaning",180,5
1284,37,"Petra Butler",2026-02-20,14:19,16:19,250,"Furnace Repair",120,5
1285,37,"Lilla Odom",2026-02-21,07:00,10:00,350,"Duct Cleaning",180,9
1286,37,"Bertha Sanchez",2026-02-21,11:13,14:13,350,"Duct Cleaning",180,5
1287,37,"Glinda McDaniel",2026-02-21,15:26,18:26,350,"Duct Cleaning",180,6
1288,37,"Ryan Klein",2026-02-22,07:00,09:00,250,"Furnace Repair",120,8
1289,37,"Hildegard Valencia",2026-02-22,10:13,18:13,4500,"AC Install",480,5
1290,37,"Eden Proctor",2026-02-23,07:00,15:00,4500,"AC Install",480,5
1291,37,"Phyllis Salazar",2026-02-23,15:57,17:57,250,"Furnace Repair",120,7
1292,37,"Dana Allen",2026-02-24,07:00,10:00,350,"Duct Cleaning",180,5
1293,37,"Roslyn Robinson",2026-02-25,07:00,10:00,350,"Duct Cleaning",180,8
1294,37,"Graciela Taylor",2026-02-26,07:00,08:30,120,"AC Tune-Up",90,6
1295,37,"Marcia Curtis",2026-02-26,09:50,12:50,350,"Duct Cleaning",180,9
1296,37,"Tana Klein",2026-02-26,14:05,16:05,250,"Furnace Repair",120,7
1297,37,"Alba Simmons",2026-02-27,07:00,08:30,120,"AC Tune-Up",90,5
1298,37,"Terra Ramos",2026-02-27,09:51,11:21,120,"AC Tune-Up",90,5
1299,37,"Marguerite Ritter",2026-02-28,07:00,08:30,120,"AC Tune-Up",90,6
1300,37,"Libby Snyder",2026-02-28,09:58,11:28,120,"AC Tune-Up",90,7
1301,37,"Kathaleen McIntyre",2026-03-01,07:00,09:00,250,"Furnace Repair",120,5
1302,37,"Charlotte Phillips",2026-03-01,10:19,18:19,4500,"AC Install",480,5
1303,37,"Karen Thomas",2026-03-02,07:00,08:30,120,"AC Tune-Up",90,6
1304,37,"Zora Dunn",2026-03-02,09:49,17:49,4500,"AC Install",480,7
1305,37,"Shelby Morgan",2026-03-03,07:00,08:30,120,"AC Tune-Up",90,6
1306,37,"Riley Sanchez",2026-03-03,09:39,17:39,4500,"AC Install",480,5
1307,38,"Mollie Oneill",2026-02-02,07:00,10:00,350,"Duct Cleaning",180,9
1308,38,"Charleen Dennis",2026-02-03,07:00,08:30,120,"AC Tune-Up",90,9
1309,38,"Judi Tyler",2026-02-03,09:43,11:13,120,"AC Tune-Up",90,9
1310,38,"Melodie Larsen",2026-02-03,12:18,15:18,350,"Duct Cleaning",180,9
1311,38,"Ines Greene",2026-02-04,07:00,09:00,250,"Furnace Repair",120,9
1312,38,"Gena Fuller",2026-02-04,09:58,12:58,350,"Duct Cleaning",180,9
1313,38,"Lexie Little",2026-02-04,14:05,16:05,250,"Furnace Repair",120,9
1314,38,"Audie Snyder",2026-02-15,07:00,10:00,350,"Duct Cleaning",180,6
1315,38,"May Howard",2026-02-15,11:27,13:27,250,"Furnace Repair",120,5
1316,38,"Roslyn Randolph",2026-02-15,14:27,17:27,350,"Duct Cleaning",180,9
1317,38,"Brenda Short",2026-02-16,07:00,09:00,250,"Furnace Repair",120,5
1318,38,"Effie Cruz",2026-02-16,10:15,13:15,350,"Duct Cleaning",180,5
1319,38,"Lacie McGuire",2026-02-17,07:00,10:00,350,"Duct Cleaning",180,5
1320,38,"Marilou King",2026-02-17,11:14,14:14,350,"Duct Cleaning",180,7
1321,38,"Ardith Dean",2026-02-18,07:00,10:00,350,"Duct Cleaning",180,8
1322,38,"Barbara Pollard",2026-02-18,10:46,13:46,350,"Duct Cleaning",180,5
1323,38,"Belva Bryant",2026-02-18,14:45,17:45,350,"Duct Cleaning",180,6
1324,38,"Milagros McBride",2026-02-19,07:00,08:30,120,"AC Tune-Up",90,5
1325,38,"Chloe Thompson",2026-02-19,09:20,12:20,350,"Duct Cleaning",180,5
1326,38,"Star Marshall",2026-02-19,13:49,15:49,250,"Furnace Repair",120,7
1327,38,"Vilma Harvey",2026-02-20,07:00,09:00,250,"Furnace Repair",120,8
1328,38,"Inez Richardson",2026-02-20,10:09,12:09,250,"Furnace Repair",120,5
1329,38,"Lisa Powell",2026-02-21,07:00,08:30,120,"AC Tune-Up",90,5
1330,38,"Lue Patrick",2026-02-21,09:36,12:36,350,"Duct Cleaning",180,8
1331,38,"Kelli Cannon",2026-02-21,13:32,15:32,250,"Furnace Repair",120,5
1332,38,"Lakisha Hall",2026-02-22,07:00,09:00,250,"Furnace Repair",120,8
1333,38,"Linda Rhodes",2026-02-22,10:19,11:49,120,"AC Tune-Up",90,8
1334,38,"Monique Sullivan",2026-02-22,12:40,14:40,250,"Furnace Repair",120,5
1335,38,"Ula Duran",2026-02-23,07:00,15:00,4500,"AC Install",480,5
1336,38,"Yesenia Reed",2026-02-24,07:00,08:30,120,"AC Tune-Up",90,7
1337,38,"Gerry Rose",2026-02-24,09:24,12:24,350,"Duct Cleaning",180,8
1338,38,"Evangeline Potter",2026-02-24,13:23,15:23,250,"Furnace Repair",120,5
1339,38,"Delois Duncan",2026-02-24,16:45,18:45,250,"Furnace Repair",120,5
1340,38,"Matilda Thompson",2026-02-25,07:00,08:30,120,"AC Tune-Up",90,5
1341,38,"Lue Patrick",2026-02-25,09:52,11:52,250,"Furnace Repair",120,5
1342,38,"Marylou Graham",2026-02-25,13:17,16:17,350,"Duct Cleaning",180,7
1343,39,"Rosaria Adams",2026-02-02,07:00,10:00,350,"Duct Cleaning",180,9
1344,39,"Christina Orr",2026-02-02,11:16,13:16,250,"Furnace Repair",120,9
1345,39,"Brynn Gross",2026-02-04,07:00,15:00,4500,"AC Install",480,9
1346,39,"Maegan Wood",2026-02-07,07:00,10:00,350,"Duct Cleaning",180,9
1347,39,"Nannette Rivers",2026-02-07,10:49,13:49,350,"Duct Cleaning",180,9
1348,39,"Lorrie Hart",2026-02-07,15:04,17:04,250,"Furnace Repair",120,9
1349,39,"Joni Roberts",2026-02-11,07:00,10:00,350,"Duct Cleaning",180,9
1350,39,"Palma Mullen",2026-02-11,11:24,12:54,120,"AC Tune-Up",90,9
1351,39,"Leticia Barton",2026-02-15,07:00,10:00,350,"Duct Cleaning",180,5
1352,39,"Jimmy Torres",2026-02-15,11:08,14:08,350,"Duct Cleaning",180,5
1353,39,"Nadia Fox",2026-02-15,15:30,18:30,350,"Duct Cleaning",180,5
1354,39,"Brooke Wilson",2026-02-16,07:00,08:30,120,"AC Tune-Up",90,6
1355,39,"Fran Ramirez",2026-02-16,09:25,10:55,120,"AC Tune-Up",90,7
1356,39,"Ardelle Spencer",2026-02-16,12:25,13:55,120,"AC Tune-Up",90,8
1357,39,"Christina McLaughlin",2026-02-17,07:00,10:00,350,"Duct Cleaning",180,6
1358,39,"Ryan Klein",2026-02-18,07:00,15:00,4500,"AC Install",480,5
1359,39,"Amelia Mills",2026-02-19,07:00,09:00,250,"Furnace Repair",120,5
1360,39,"Paulette Gilbert",2026-02-19,10:00,13:00,350,"Duct Cleaning",180,5
1361,39,"Rosamond McBride",2026-02-20,07:00,10:00,350,"Duct Cleaning",180,9
1362,39,"Colton Hansen",2026-02-20,10:52,12:22,120,"AC Tune-Up",90,5
1363,39,"Chloe English",2026-02-20,13:35,15:05,120,"AC Tune-Up",90,5
1364,39,"Tyesha Chavez",2026-02-21,07:00,08:30,120,"AC Tune-Up",90,6
1365,39,"Emilie Vance",2026-02-21,09:39,11:39,250,"Furnace Repair",120,5
1366,39,"Layla Meyer",2026-02-21,12:41,15:41,350,"Duct Cleaning",180,5
1367,39,"Tiffany Conner",2026-02-22,07:00,09:00,250,"Furnace Repair",120,6
1368,39,"Griselda Baldwin",2026-02-22,09:46,17:46,4500,"AC Install",480,5
1369,39,"Thalia Diaz",2026-02-23,07:00,10:00,350,"Duct Cleaning",180,5
1370,39,"Gaye Bush",2026-02-23,10:49,13:49,350,"Duct Cleaning",180,7
1371,39,"Ashley Quinn",2026-02-24,07:00,15:00,4500,"AC Install",480,9
1372,39,"Essie Warren",2026-02-24,16:14,17:44,120,"AC Tune-Up",90,9
1373,39,"Salome Quinn",2026-02-25,07:00,10:00,350,"Duct Cleaning",180,6
1374,39,"Ethel English",2026-02-25,11:00,14:00,350,"Duct Cleaning",180,5
1375,39,"Shanna Phelps",2026-02-25,15:08,17:08,250,"Furnace Repair",120,5
1376,40,"Letha Wilkinson",2026-02-03,07:00,11:00,350,"Interior Room Paint",240,9
1377,40,"Keshia Mendoza",2026-02-03,11:54,15:54,350,"Interior Room Paint",240,9
1378,40,"Roxane Hendricks",2026-02-08,07:00,11:00,350,"Interior Room Paint",240,9
1379,40,"Yasmin Higgins",2026-02-08,12:11,18:11,800,"Cabinet Refinish",360,9
1380,40,"Ida Harmon",2026-02-10,07:00,11:00,350,"Interior Room Paint",240,9
1381,40,"Alana Pratt",2026-02-10,12:06,18:06,800,"Cabinet Refinish",360,9
1382,40,"Channie Simpson",2026-02-15,07:00,11:00,350,"Interior Room Paint",240,5
1383,40,"Mariela Bennett",2026-02-17,07:00,11:00,350,"Interior Room Paint",240,5
1384,40,"Betty Perez",2026-02-17,12:28,13:28,100,"Touch-Up & Patch",60,6
1385,40,"Ema Watts",2026-02-18,07:00,13:00,800,"Cabinet Refinish",360,5
1386,40,"Sheila Winters",2026-02-19,07:00,08:00,100,"Touch-Up & Patch",60,5
1387,40,"Stacy Goodwin",2026-02-19,09:13,15:13,800,"Cabinet Refinish",360,5
1388,40,"Avery Wallace",2026-02-20,07:00,13:00,800,"Cabinet Refinish",360,5
1389,40,"Griselda Franklin",2026-02-21,07:00,11:00,350,"Interior Room Paint",240,7
1390,40,"Dina Thomas",2026-02-21,12:07,16:07,350,"Interior Room Paint",240,5
1391,40,"Kate Buchanan",2026-02-22,07:00,13:00,800,"Cabinet Refinish",360,5
1392,40,"Fernanda Vance",2026-02-22,14:29,15:29,100,"Touch-Up & Patch",60,5
1393,40,"Katie Livingston",2026-02-25,07:00,08:00,100,"Touch-Up & Patch",60,5
1394,40,"Penni Lindsay",2026-02-25,08:51,09:51,100,"Touch-Up & Patch",60,6
1395,40,"Jennifer Peterson",2026-02-25,11:04,17:04,800,"Cabinet Refinish",360,6
1396,40,"Tessa Brown",2026-02-26,07:00,13:00,800,"Cabinet Refinish",360,5
1397,40,"Reva Jenkins",2026-02-26,14:01,18:01,350,"Interior Room Paint",240,9
1398,41,"Lala Odom",2026-02-02,07:00,11:00,350,"Interior Room Paint",240,9
1399,41,"Freda Crane",2026-02-02,12:11,16:11,350,"Interior Room Paint",240,9
1400,41,"David Woods",2026-02-07,07:00,08:00,100,"Touch-Up & Patch",60,9
1401,41,"Jan Barnes",2026-02-07,08:49,09:49,100,"Touch-Up & Patch",60,9
1402,41,"Emma Larsen",2026-02-11,07:00,08:00,100,"Touch-Up & Patch",60,9
1403,41,"Vita Maldonado",2026-02-11,09:09,15:09,800,"Cabinet Refinish",360,9
1404,41,"Keri Daniels",2026-02-15,07:00,08:00,100,"Touch-Up & Patch",60,9
1405,41,"Della Dunn",2026-02-15,09:13,15:13,800,"Cabinet Refinish",360,5
1406,41,"Gabriella Martinez",2026-02-17,07:00,11:00,350,"Interior Room Paint",240,5
1407,41,"Pamala Carlson",2026-02-17,12:02,18:02,800,"Cabinet Refinish",360,5
1408,41,"Goldie McBride",2026-02-18,07:00,08:00,100,"Touch-Up & Patch",60,5
1409,41,"Sandy Kirk",2026-02-18,08:56,12:56,350,"Interior Room Paint",240,5
1410,41,"Yadira Rush",2026-02-19,07:00,08:00,100,"Touch-Up & Patch",60,5
1411,41,"Payton Barton",2026-02-21,07:00,08:00,100,"Touch-Up & Patch",60,5
1412,42,"Roseanne Ruiz",2026-02-07,07:00,08:00,100,"Touch-Up & Patch",60,9
1413,42,"Bianca Phillips",2026-02-07,09:10,13:10,350,"Interior Room Paint",240,9
1414,42,"Graciela Taylor",2026-02-17,07:00,11:00,350,"Interior Room Paint",240,5
1415,42,"Felix Pierce",2026-02-18,07:00,08:00,100,"Touch-Up & Patch",60,5
1416,42,"Brooklyn Newton",2026-02-19,07:00,13:00,800,"Cabinet Refinish",360,5
1417,42,"Kathrine Parks",2026-02-19,14:09,15:09,100,"Touch-Up & Patch",60,8
1418,42,"Nancie Gates",2026-02-21,07:00,08:00,100,"Touch-Up & Patch",60,5
1419,42,"Marley White",2026-02-22,07:00,08:00,100,"Touch-Up & Patch",60,5
1420,42,"Francene McKee",2026-02-22,09:20,15:20,800,"Cabinet Refinish",360,7
1421,42,"Tai Doyle",2026-02-23,07:00,13:00,800,"Cabinet Refinish",360,7
1422,43,"Susan Gardner",2026-02-04,07:00,08:00,100,"Touch-Up & Patch",60,9
1423,43,"Rosamond Higgins",2026-02-04,09:11,15:11,800,"Cabinet Refinish",360,9
1424,43,"Dolores Summers",2026-02-04,16:35,17:35,100,"Touch-Up & Patch",60,9
1425,43,"Siobhan Combs",2026-02-16,07:00,08:00,100,"Touch-Up & Patch",60,5
1426,43,"Tiana Salazar",2026-02-18,07:00,08:00,100,"Touch-Up & Patch",60,7
1427,43,"Sibyl Meyer",2026-02-18,09:14,15:14,800,"Cabinet Refinish",360,8
1428,43,"Nanci Wade",2026-02-20,07:00,13:00,800,"Cabinet Refinish",360,5
1429,43,"Shiela Preston",2026-02-20,14:00,15:00,100,"Touch-Up & Patch",60,9
1430,43,"Jayne Woods",2026-02-21,07:00,08:00,100,"Touch-Up & Patch",60,7
1431,43,"Lacy Ward",2026-02-21,09:03,10:03,100,"Touch-Up & Patch",60,6
1432,43,"Lynne Salazar",2026-02-21,11:30,15:30,350,"Interior Room Paint",240,6
1433,43,"Susanna Rhodes",2026-02-21,16:20,17:20,100,"Touch-Up & Patch",60,5
1434,43,"Griselda Wyatt",2026-02-22,07:00,08:00,100,"Touch-Up & Patch",60,7
1435,43,"Roslyn Castillo",2026-02-22,08:52,09:52,100,"Touch-Up & Patch",60,5
1436,43,"Michele Maxwell",2026-02-23,07:00,13:00,800,"Cabinet Refinish",360,5
1437,43,"Rowena Mendoza",2026-02-24,07:00,13:00,800,"Cabinet Refinish",360,9
1438,43,"Jana Fitzgerald",2026-02-24,13:46,14:46,100,"Touch-Up & Patch",60,5
1439,43,"Autumn Lopez",2026-02-26,07:00,13:00,800,"Cabinet Refinish",360,5
1440,43,"Socorro Holland",2026-02-26,14:06,15:06,100,"Touch-Up & Patch",60,5
1441,43,"Sharron Kirk",2026-02-27,07:00,13:00,800,"Cabinet Refinish",360,5
1442,43,"Napoleon Daniels",2026-02-28,07:00,13:00,800,"Cabinet Refinish",360,5
1443,43,"Jennifer Cross",2026-03-02,07:00,11:00,350,"Interior Room Paint",240,6
1444,43,"Roxane Hanson",2026-03-02,12:16,18:16,800,"Cabinet Refinish",360,8
1445,43,"Zola Nguyen",2026-03-04,07:00,13:00,800,"Cabinet Refinish",360,5
1446,43,"Mabel Henderson",2026-03-05,07:00,13:00,800,"Cabinet Refinish",360,7
1447,43,"Ozella Ramirez",2026-03-05,13:56,14:56,100,"Touch-Up & Patch",60,9
1448,44,"Clarissa Ingram",2026-02-01,07:00,13:00,800,"Cabinet Refinish",360,9
1449,44,"Tania Sanders",2026-02-11,07:00,13:00,800,"Cabinet Refinish",360,9
1450,44,"Vilma Morgan",2026-02-11,14:24,18:24,350,"Interior Room Paint",240,9
1451,44,"Lauren Johnston",2026-02-15,07:00,11:00,350,"Interior Room Paint",240,7
1452,44,"Beatrice Carr",2026-02-15,11:50,17:50,800,"Cabinet Refinish",360,5
1453,44,"Haley Glover",2026-02-16,07:00,13:00,800,"Cabinet Refinish",360,5
1454,44,"Kathrine Gomez",2026-02-18,07:00,11:00,350,"Interior Room Paint",240,7
1455,44,"Yolanda Davis",2026-02-18,12:23,18:23,800,"Cabinet Refinish",360,5
1456,44,"Lucienne Wong",2026-02-20,07:00,13:00,800,"Cabinet Refinish",360,8
1457,44,"Katlyn Trujillo",2026-02-21,07:00,13:00,800,"Cabinet Refinish",360,5
1458,44,"Carolyn Harvey",2026-02-21,14:10,15:10,100,"Touch-Up & Patch",60,5
1459,44,"Willa Thompson",2026-02-24,07:00,08:00,100,"Touch-Up & Patch",60,8
1460,44,"Tucker Banks",2026-02-26,07:00,13:00,800,"Cabinet Refinish",360,5
1461,44,"Griselda Barker",2026-02-26,14:13,18:13,350,"Interior Room Paint",240,7
1462,44,"Madalyn Fitzgerald",2026-02-27,07:00,11:00,350,"Interior Room Paint",240,7
1463,45,"Samantha Davis",2026-02-10,07:00,08:00,100,"Touch-Up & Patch",60,9
1464,45,"Roma Rasmussen",2026-02-10,08:59,09:59,100,"Touch-Up & Patch",60,9
1465,45,"Violet Morales",2026-02-10,10:58,14:58,350,"Interior Room Paint",240,9
1466,45,"Tim Glover",2026-02-15,07:00,11:00,350,"Interior Room Paint",240,5
1467,45,"Lolita Todd",2026-02-15,12:02,18:02,800,"Cabinet Refinish",360,8
1468,45,"Hanna Dunn",2026-02-16,07:00,11:00,350,"Interior Room Paint",240,6
1469,45,"Tonia Cooper",2026-02-16,12:26,13:26,100,"Touch-Up & Patch",60,8
1470,45,"Layla Foster",2026-02-18,07:00,11:00,350,"Interior Room Paint",240,8
1471,45,"Valerie Harrison",2026-02-18,12:22,16:22,350,"Interior Room Paint",240,5
1472,45,"Roxie Dodson",2026-02-18,17:46,18:46,100,"Touch-Up & Patch",60,5
1473,45,"Gabriel Holland",2026-02-19,07:00,11:00,350,"Interior Room Paint",240,5
1474,45,"Janell Nash",2026-02-19,12:28,18:28,800,"Cabinet Refinish",360,7
1475,45,"Isabella Cole",2026-02-20,07:00,08:00,100,"Touch-Up & Patch",60,5
1476,45,"Debroah Meyer",2026-02-20,08:53,12:53,350,"Interior Room Paint",240,5
1477,45,"Sibyl Meyer",2026-02-20,14:19,18:19,350,"Interior Room Paint",240,9
1478,45,"Lavada McBride",2026-02-21,07:00,13:00,800,"Cabinet Refinish",360,5
1479,45,"Katie Payne",2026-02-22,07:00,13:00,800,"Cabinet Refinish",360,6
1480,46,"Dylan Payne",2026-02-14,07:00,08:00,100,"Touch-Up & Patch",60,9
1481,46,"Roy Harper",2026-02-15,07:00,13:00,800,"Cabinet Refinish",360,9
1482,46,"Aurore McGuire",2026-02-16,07:00,13:00,800,"Cabinet Refinish",360,5
1483,46,"Debi Holland",2026-02-16,13:52,14:52,100,"Touch-Up & Patch",60,5
1484,46,"Kerrie Carter",2026-02-17,07:00,11:00,350,"Interior Room Paint",240,5
1485,46,"Millie Kim",2026-02-18,07:00,08:00,100,"Touch-Up & Patch",60,5
1486,46,"Ralph Kirk",2026-02-18,08:55,09:55,100,"Touch-Up & Patch",60,5
1487,46,"Lesa Griffin",2026-02-18,11:11,15:11,350,"Interior Room Paint",240,8
1488,46,"Deidra Alvarez",2026-02-18,16:10,17:10,100,"Touch-Up & Patch",60,7
1489,46,"Rowena Mendoza",2026-02-20,07:00,13:00,800,"Cabinet Refinish",360,5
1490,46,"Amy Hansen",2026-02-20,14:25,15:25,100,"Touch-Up & Patch",60,9
1491,46,"Pearl Trujillo",2026-02-22,07:00,08:00,100,"Touch-Up & Patch",60,5
1492,46,"Chrystal Gonzales",2026-02-22,09:21,10:21,100,"Touch-Up & Patch",60,5
1493,46,"Viola Bowman",2026-02-23,07:00,13:00,800,"Cabinet Refinish",360,8
1494,46,"Alyssa Simpson",2026-02-23,14:28,15:28,100,"Touch-Up & Patch",60,8
1495,46,"Elvira Santiago",2026-02-24,07:00,11:00,350,"Interior Room Paint",240,5
1496,46,"Vilma Morgan",2026-02-24,11:47,12:47,100,"Touch-Up & Patch",60,5
1497,46,"Lindsey Trujillo",2026-02-25,07:00,13:00,800,"Cabinet Refinish",360,5
1498,46,"Rosella Turner",2026-02-25,14:14,15:14,100,"Touch-Up & Patch",60,6
1499,46,"Otha Green",2026-03-01,07:00,08:00,100,"Touch-Up & Patch",60,7
1500,46,"Carolyn Mack",2026-03-01,09:11,13:11,350,"Interior Room Paint",240,6
1501,46,"Elouise Perkins",2026-03-01,14:29,18:29,350,"Interior Room Paint",240,7
1502,46,"Olga Peterson",2026-03-02,07:00,08:00,100,"Touch-Up & Patch",60,5
1503,46,"Devorah Reynolds",2026-03-04,07:00,11:00,350,"Interior Room Paint",240,5
1504,46,"Allyson Horton",2026-03-04,11:45,12:45,100,"Touch-Up & Patch",60,5
1505,47,"Vina Randolph",2026-02-01,07:00,08:30,180,"Trim Work",90,9
1506,47,"Graciela Collins",2026-02-02,07:00,09:00,250,"Door Install",120,9
1507,47,"Brynn Solis",2026-02-02,10:01,14:01,450,"Custom Shelving",240,9
1508,47,"Malinda Pierce",2026-02-03,07:00,09:00,250,"Door Install",120,9
1509,47,"Reba English",2026-02-05,07:00,09:00,250,"Door Install",120,9
1510,47,"Alison Wheeler",2026-02-05,09:48,11:48,250,"Door Install",120,9
1511,47,"Marilyn Maxwell",2026-02-05,12:37,14:07,180,"Trim Work",90,9
1512,47,"Rachael Cook",2026-02-07,07:00,08:30,180,"Trim Work",90,9
1513,47,"Diane Dawson",2026-02-15,07:00,08:30,180,"Trim Work",90,8
1514,47,"Francine Mendez",2026-02-15,09:21,11:21,250,"Door Install",120,5
1515,47,"Clarissa Zimmerman",2026-02-16,07:00,08:30,180,"Trim Work",90,5
1516,47,"Pandora Dawson",2026-02-16,09:22,13:22,450,"Custom Shelving",240,5
1517,47,"Fabian Benson",2026-02-16,14:52,16:22,180,"Trim Work",90,5
1518,48,"Reva Jenkins",2026-02-02,07:00,08:30,180,"Trim Work",90,9
1519,48,"Melinda Terrell",2026-02-03,07:00,08:30,180,"Trim Work",90,9
1520,48,"Otha Barton",2026-02-05,07:00,09:00,250,"Door Install",120,9
1521,48,"Leanna Gates",2026-02-05,10:14,12:14,250,"Door Install",120,9
1522,48,"Yasmin Weaver",2026-02-05,13:17,15:17,250,"Door Install",120,9
1523,48,"Carmela Little",2026-02-05,16:08,17:38,180,"Trim Work",90,9
1524,48,"Griselda Wyatt",2026-02-07,07:00,09:00,250,"Door Install",120,9
1525,48,"Louella Acosta",2026-02-11,07:00,09:00,250,"Door Install",120,9
1526,48,"Garrett Benson",2026-02-11,10:05,14:05,450,"Custom Shelving",240,9
1527,48,"Landon Rogers",2026-02-11,14:59,18:59,450,"Custom Shelving",240,9
1528,48,"Margaret Rasmussen",2026-02-15,07:00,09:00,250,"Door Install",120,8
1529,48,"Elvira Santiago",2026-02-15,09:45,11:45,250,"Door Install",120,6
1530,48,"Mabelle Gutierrez",2026-02-16,07:00,09:00,250,"Door Install",120,6
1531,48,"Louella Stark",2026-02-17,07:00,11:00,450,"Custom Shelving",240,5
1532,48,"Maxine Castillo",2026-02-17,12:01,16:01,450,"Custom Shelving",240,5
1533,48,"Lawanda Cox",2026-02-18,07:00,11:00,450,"Custom Shelving",240,5
1534,48,"Jewel Fuller",2026-02-19,07:00,09:00,250,"Door Install",120,5
1535,48,"Mozell Patterson",2026-02-19,10:25,12:25,250,"Door Install",120,7
1536,48,"Lue Patrick",2026-02-21,07:00,08:30,180,"Trim Work",90,8
1537,48,"Teresa Vance",2026-02-21,09:44,11:44,250,"Door Install",120,9
1538,48,"Jannet Patterson",2026-02-21,13:10,15:10,250,"Door Install",120,5
1539,48,"Hector Kelly",2026-02-22,07:00,11:00,450,"Custom Shelving",240,9
1540,48,"Roberta Hammond",2026-02-22,12:21,13:51,180,"Trim Work",90,8
1541,48,"Dominique Weaver",2026-02-22,14:37,16:07,180,"Trim Work",90,6
1542,48,"Devona Wood",2026-02-23,07:00,09:00,250,"Door Install",120,5
1543,48,"Mabelle Cervantes",2026-02-23,10:11,14:11,450,"Custom Shelving",240,8
1544,48,"Gerardo Wong",2026-02-23,15:26,17:26,250,"Door Install",120,6
1545,48,"Kiana Fry",2026-02-24,07:00,09:00,250,"Door Install",120,5
1546,48,"Nella Patel",2026-02-24,10:12,11:42,180,"Trim Work",90,5
1547,48,"Amy Miller",2026-02-24,13:10,14:40,180,"Trim Work",90,5
1548,48,"Lauren Perry",2026-02-26,07:00,09:00,250,"Door Install",120,5
1549,48,"Brooks Bush",2026-02-26,09:46,13:46,450,"Custom Shelving",240,9
1550,49,"Katherine Patterson",2026-02-01,07:00,11:00,450,"Custom Shelving",240,9
1551,49,"Marissa Patrick",2026-02-01,11:56,13:26,180,"Trim Work",90,9
1552,49,"Danae Schroeder",2026-02-02,07:00,11:00,450,"Custom Shelving",240,9
1553,49,"Whitney Carlson",2026-02-05,07:00,08:30,180,"Trim Work",90,9
1554,49,"Elnora Fowler",2026-02-05,09:16,10:46,180,"Trim Work",90,9
1555,49,"Marlene Perkins",2026-02-05,11:33,13:33,250,"Door Install",120,9
1556,49,"Jada Oliver",2026-02-05,14:52,16:52,250,"Door Install",120,9
1557,49,"Gayla Short",2026-02-08,07:00,08:30,180,"Trim Work",90,9
1558,49,"Minerva Terrell",2026-02-08,09:40,11:10,180,"Trim Work",90,9
1559,49,"June Benson",2026-02-08,12:01,14:01,250,"Door Install",120,9
1560,49,"Cassie James",2026-02-16,07:00,08:30,180,"Trim Work",90,5
1561,49,"Helena Brown",2026-02-16,09:16,11:16,250,"Door Install",120,8
1562,49,"Zola Nguyen",2026-02-16,12:32,14:32,250,"Door Install",120,5
1563,49,"Flor Bush",2026-02-16,15:51,17:21,180,"Trim Work",90,6
1564,49,"Maegan Armstrong",2026-02-19,07:00,09:00,250,"Door Install",120,5
1565,49,"Patty Paul",2026-02-19,10:11,11:41,180,"Trim Work",90,8
1566,49,"Charlene Simmons",2026-02-20,07:00,09:00,250,"Door Install",120,5
1567,49,"Elizabeth Gross",2026-02-20,10:30,14:30,450,"Custom Shelving",240,5
1568,49,"Stacy Stout",2026-02-20,15:29,17:29,250,"Door Install",120,8
1569,49,"Lenora Randolph",2026-02-21,07:00,08:30,180,"Trim Work",90,8
1570,49,"Kingston Peck",2026-02-21,09:30,13:30,450,"Custom Shelving",240,5
1571,49,"Lacey Lewis",2026-02-21,14:49,16:49,250,"Door Install",120,8
1572,49,"Cooper York",2026-02-23,07:00,11:00,450,"Custom Shelving",240,5
1573,49,"Salome Higgins",2026-02-23,12:26,14:26,250,"Door Install",120,5
1574,50,"Jannet Patterson",2026-02-03,07:00,08:30,180,"Trim Work",90,9
1575,50,"Willie Zimmerman",2026-02-04,07:00,11:00,450,"Custom Shelving",240,9
1576,50,"Arlo Baldwin",2026-02-04,12:02,16:02,450,"Custom Shelving",240,9
1577,50,"Keeley Stuart",2026-02-08,07:00,08:30,180,"Trim Work",90,9
1578,50,"Vickie Hoffman",2026-02-08,09:28,10:58,180,"Trim Work",90,9
1579,50,"Robbie Butler",2026-02-08,11:46,15:46,450,"Custom Shelving",240,9
1580,50,"Elia Fletcher",2026-02-12,07:00,08:30,180,"Trim Work",90,9
1581,50,"Olivia Harrison",2026-02-13,07:00,08:30,180,"Trim Work",90,9
1582,50,"Alonso Ortiz",2026-02-13,09:59,11:29,180,"Trim Work",90,9
1583,50,"Ena Lloyd",2026-02-13,12:22,14:22,250,"Door Install",120,9
1584,50,"Brooklyn Sanchez",2026-02-15,07:00,11:00,450,"Custom Shelving",240,6
1585,50,"Naomi Young",2026-02-15,12:18,16:18,450,"Custom Shelving",240,9
1586,50,"Corey Harris",2026-02-16,07:00,08:30,180,"Trim Work",90,9
1587,50,"Diana Gordon",2026-02-16,09:21,13:21,450,"Custom Shelving",240,7
1588,50,"Fran Ward",2026-02-16,14:42,16:42,250,"Door Install",120,6
1589,50,"Sasha Hendricks",2026-02-17,07:00,11:00,450,"Custom Shelving",240,5
1590,50,"Manuel Harrison",2026-02-18,07:00,11:00,450,"Custom Shelving",240,5
1591,50,"Sunny Gardner",2026-02-19,07:00,08:30,180,"Trim Work",90,5
1592,50,"Alana Gordon",2026-02-20,07:00,09:00,250,"Door Install",120,8
1593,50,"Rogelio Marshall",2026-02-21,07:00,11:00,450,"Custom Shelving",240,8
1594,50,"Emilia Buchanan",2026-02-21,12:22,13:52,180,"Trim Work",90,5
1595,50,"Karyn Short",2026-02-21,15:02,17:02,250,"Door Install",120,9
1596,50,"Ora West",2026-02-23,07:00,09:00,250,"Door Install",120,6
1597,50,"Rosie Short",2026-02-23,10:07,14:07,450,"Custom Shelving",240,5
1598,50,"Adan Gallagher",2026-02-23,15:36,17:36,250,"Door Install",120,5
1599,50,"Hope Cole",2026-03-03,07:00,09:00,250,"Door Install",120,5
1600,50,"Pandora Duran",2026-03-03,10:01,14:01,450,"Custom Shelving",240,5
1601,50,"Echo Valdez",2026-03-03,14:58,18:58,450,"Custom Shelving",240,9
1602,51,"Vilma Hall",2026-02-08,07:00,11:00,450,"Custom Shelving",240,9
1603,51,"Kaitlyn Rasmussen",2026-02-08,11:57,13:57,250,"Door Install",120,9
1604,51,"Cathleen Rivera",2026-02-11,07:00,11:00,450,"Custom Shelving",240,9
1605,51,"Lola Wade",2026-02-14,07:00,11:00,450,"Custom Shelving",240,9
1606,51,"Elaine Ford",2026-02-15,07:00,09:00,250,"Door Install",120,5
1607,51,"Emilie Mendoza",2026-02-15,10:03,12:03,250,"Door Install",120,7
1608,51,"Ozell Diaz",2026-02-15,13:04,17:04,450,"Custom Shelving",240,5
1609,51,"Lexie Day",2026-02-16,07:00,08:30,180,"Trim Work",90,5
1610,51,"Oralia Rose",2026-02-16,09:39,11:39,250,"Door Install",120,5
1611,51,"Taryn Combs",2026-02-16,12:40,14:10,180,"Trim Work",90,8
1612,51,"Janell Nash",2026-02-16,15:18,17:18,250,"Door Install",120,8
1613,51,"Leonie Salazar",2026-02-17,07:00,09:00,250,"Door Install",120,5
1614,51,"Marilyn York",2026-02-18,07:00,09:00,250,"Door Install",120,5
1615,51,"Hilary McBride",2026-02-19,07:00,11:00,450,"Custom Shelving",240,5
1616,51,"Guadalupe Keller",2026-02-20,07:00,11:00,450,"Custom Shelving",240,5
1617,51,"Lovie Orr",2026-02-21,07:00,11:00,450,"Custom Shelving",240,5
1618,51,"Alexa Kelly",2026-02-21,12:03,16:03,450,"Custom Shelving",240,7
1619,51,"Marilyn York",2026-02-21,17:16,18:46,180,"Trim Work",90,5
1620,51,"Leonie Maxwell",2026-02-23,07:00,11:00,450,"Custom Shelving",240,6
1621,51,"Pearl Holmes",2026-02-23,11:46,13:46,250,"Door Install",120,7
1622,51,"Deana Anderson",2026-02-24,07:00,09:00,250,"Door Install",120,5
1623,51,"Addison Thomas",2026-02-24,10:07,11:37,180,"Trim Work",90,5
1624,51,"Janna Harrison",2026-02-24,12:39,14:39,250,"Door Install",120,9
1625,51,"Concepcion Burns",2026-02-26,07:00,11:00,450,"Custom Shelving",240,5
1626,51,"Patricia Bryant",2026-02-27,07:00,08:30,180,"Trim Work",90,5
1627,51,"Suzette Oneal",2026-02-27,09:41,11:11,180,"Trim Work",90,9
1628,51,"Letha Wilkinson",2026-02-27,12:25,14:25,250,"Door Install",120,5
1629,51,"Jill Phelps",2026-02-28,07:00,09:00,250,"Door Install",120,5
1630,51,"Karina Romero",2026-02-28,10:05,11:35,180,"Trim Work",90,5
1631,51,"Sandy Rhodes",2026-02-28,12:22,13:52,180,"Trim Work",90,6
1632,51,"Jordan Burns",2026-02-28,15:10,16:40,180,"Trim Work",90,5
1633,52,"Meryl Burns",2026-02-02,07:00,08:30,180,"Trim Work",90,9
1634,52,"Zena Perry",2026-02-02,09:19,13:19,450,"Custom Shelving",240,9
1635,52,"Lindsay Banks",2026-02-02,14:24,15:54,180,"Trim Work",90,9
1636,52,"Marisol Trevino",2026-02-05,07:00,09:00,250,"Door Install",120,9
1637,52,"Jana Dean",2026-02-05,09:49,11:49,250,"Door Install",120,9
1638,52,"Alice Robinson",2026-02-05,12:42,14:12,180,"Trim Work",90,9
1639,52,"Jasmine Bradley",2026-02-06,07:00,08:30,180,"Trim Work",90,9
1640,52,"Florine Stevens",2026-02-06,09:22,13:22,450,"Custom Shelving",240,9
1641,52,"Rhoda Harrison",2026-02-13,07:00,08:30,180,"Trim Work",90,9
1642,52,"Courtney Daniels",2026-02-15,07:00,09:00,250,"Door Install",120,8
1643,52,"Norma Lynch",2026-02-16,07:00,09:00,250,"Door Install",120,5
1644,52,"Francene Hendricks",2026-02-17,07:00,09:00,250,"Door Install",120,5
1645,52,"Letitia Lawson",2026-02-17,09:54,13:54,450,"Custom Shelving",240,9
1646,52,"Clarice Martinez",2026-02-17,14:43,16:13,180,"Trim Work",90,6
1647,52,"Hayden Mendez",2026-02-18,07:00,11:00,450,"Custom Shelving",240,9
1648,52,"Krysta Guerrero",2026-02-20,07:00,11:00,450,"Custom Shelving",240,5
1649,52,"Freda Stewart",2026-02-20,12:29,14:29,250,"Door Install",120,7
1650,52,"Staci Zimmerman",2026-02-21,07:00,09:00,250,"Door Install",120,8
1651,52,"Almina Palmer",2026-02-21,10:15,12:15,250,"Door Install",120,9
1652,52,"Inez Parker",2026-02-22,07:00,11:00,450,"Custom Shelving",240,5
1653,52,"Alyssa Simpson",2026-02-22,12:04,16:04,450,"Custom Shelving",240,9
1654,52,"Marilyn May",2026-02-23,07:00,11:00,450,"Custom Shelving",240,6
1655,52,"Daniela Paul",2026-02-23,12:25,16:25,450,"Custom Shelving",240,5
1656,52,"Odie Gallagher",2026-02-24,07:00,11:00,450,"Custom Shelving",240,5
1657,52,"Becky Stanley",2026-02-24,12:27,16:27,450,"Custom Shelving",240,5
1658,52,"Nettie Fox",2026-02-25,07:00,08:30,180,"Trim Work",90,7
1659,52,"Judi Tyler",2026-02-27,07:00,11:00,450,"Custom Shelving",240,9
1660,52,"Dylan Peterson",2026-02-27,11:55,15:55,450,"Custom Shelving",240,9
1661,52,"Fabiola Shepherd",2026-02-27,17:18,18:48,180,"Trim Work",90,5
1662,52,"Valerie Harrison",2026-02-28,07:00,08:30,180,"Trim Work",90,5
1663,52,"Betty Villarreal",2026-02-28,09:32,11:32,250,"Door Install",120,8
1664,52,"Christi Mills",2026-02-28,12:53,14:53,250,"Door Install",120,5
1665,52,"Eden Parrish",2026-03-01,07:00,11:00,450,"Custom Shelving",240,6
1666,52,"Melodie McDonald",2026-03-03,07:00,09:00,250,"Door Install",120,6
1667,52,"Ginny Jacobs",2026-03-03,10:22,11:52,180,"Trim Work",90,5
1668,52,"Oma Barnes",2026-03-04,07:00,08:30,180,"Trim Work",90,5
1669,52,"Grover Horton",2026-03-05,07:00,08:30,180,"Trim Work",90,5
1670,52,"Roxanna Ruiz",2026-03-05,09:18,13:18,450,"Custom Shelving",240,6
1671,53,"Maddison Buchanan",2026-02-08,07:00,10:00,400,"Brick Repair",180,9
1672,53,"Lilly Ritter",2026-02-08,10:57,14:57,650,"Chimney Repair",240,9
1673,53,"Therese Hoffman",2026-02-10,07:00,11:00,650,"Chimney Repair",240,9
1674,53,"Emery Harris",2026-02-10,12:04,15:04,400,"Brick Repair",180,9
1675,53,"Tobi Ross",2026-02-12,07:00,19:00,2800,"Patio Install",720,9
1676,53,"Wilda Valdez",2026-02-13,07:00,19:00,2800,"Patio Install",720,9
1677,53,"Adeline Lamb",2026-02-14,07:00,10:00,400,"Brick Repair",180,9
1678,53,"Lulu Anderson",2026-02-14,10:48,16:48,800,"Concrete Pour",360,9
1679,53,"Guadalupe Keller",2026-02-15,07:00,13:00,800,"Concrete Pour",360,9
1680,53,"Cole Taylor",2026-02-15,14:09,17:09,400,"Brick Repair",180,7
1681,53,"Harlan Vaughn",2026-02-16,07:00,10:00,400,"Brick Repair",180,5
1682,53,"Donna Fry",2026-02-16,11:02,17:02,800,"Concrete Pour",360,5
1683,53,"Stefanie Quinn",2026-02-17,07:00,13:00,800,"Concrete Pour",360,8
1684,53,"Deena Marshall",2026-02-18,07:00,10:00,400,"Brick Repair",180,7
1685,53,"Hadley Ellis",2026-02-19,07:00,10:00,400,"Brick Repair",180,7
1686,53,"Dorathy Kennedy",2026-02-20,07:00,10:00,400,"Brick Repair",180,9
1687,53,"Buford Oneal",2026-02-21,07:00,10:00,400,"Brick Repair",180,5
1688,53,"Margaret Long",2026-02-21,11:17,17:17,800,"Concrete Pour",360,5
1689,53,"Norbert Bowman",2026-02-22,07:00,10:00,400,"Brick Repair",180,8
1690,53,"Gabrielle Torres",2026-02-22,11:28,15:28,650,"Chimney Repair",240,8
1691,53,"Misty Garcia",2026-02-23,07:00,19:00,2800,"Patio Install",720,5
1692,53,"Karyn Valencia",2026-02-24,07:00,13:00,800,"Concrete Pour",360,5
1693,53,"Kristen Rasmussen",2026-02-25,07:00,13:00,800,"Concrete Pour",360,5
1694,53,"Kevin Stout",2026-02-26,07:00,19:00,2800,"Patio Install",720,7
1695,53,"Etta Hamilton",2026-02-27,07:00,10:00,400,"Brick Repair",180,7
1696,53,"Arturo Santiago",2026-02-27,11:04,15:04,650,"Chimney Repair",240,8
1697,53,"Silas Oneal",2026-02-28,07:00,10:00,400,"Brick Repair",180,7
1698,53,"Elizabeth Paul",2026-02-28,11:10,14:10,400,"Brick Repair",180,8
1699,54,"Lela Hawkins",2026-02-01,07:00,19:00,2800,"Patio Install",720,9
1700,54,"Norma Norman",2026-02-03,07:00,13:00,800,"Concrete Pour",360,9
1701,54,"Lucinda Rose",2026-02-05,07:00,11:00,650,"Chimney Repair",240,9
1702,54,"Brynn Gross",2026-02-05,12:08,15:08,400,"Brick Repair",180,9
1703,54,"Trena Bass",2026-02-10,07:00,19:00,2800,"Patio Install",720,9
1704,54,"Vince Hamilton",2026-02-12,07:00,11:00,650,"Chimney Repair",240,9
1705,54,"Lynne Salazar",2026-02-12,12:25,15:25,400,"Brick Repair",180,9
1706,54,"Ebonie Fry",2026-02-13,07:00,10:00,400,"Brick Repair",180,9
1707,54,"Oda Kim",2026-02-15,07:00,19:00,2800,"Patio Install",720,7
1708,54,"Molly Duran",2026-02-16,07:00,19:00,2800,"Patio Install",720,5
1709,54,"Sheila White",2026-02-17,07:00,10:00,400,"Brick Repair",180,5
1710,54,"Macy Nguyen",2026-02-17,11:27,17:27,800,"Concrete Pour",360,5
1711,54,"Zoe Perry",2026-02-18,07:00,11:00,650,"Chimney Repair",240,5
1712,54,"Sonja Graham",2026-02-18,12:05,16:05,650,"Chimney Repair",240,5
1713,54,"Layla Foster",2026-02-19,07:00,13:00,800,"Concrete Pour",360,5
1714,54,"Katherine Chavez",2026-02-19,14:01,17:01,400,"Brick Repair",180,5
1715,54,"Dee Brown",2026-02-20,07:00,13:00,800,"Concrete Pour",360,5
1716,54,"Vicky Frank",2026-02-20,13:50,16:50,400,"Brick Repair",180,7
1717,54,"Rosina Moore",2026-02-21,07:00,10:00,400,"Brick Repair",180,5
1718,54,"Vicente Cook",2026-02-21,11:10,14:10,400,"Brick Repair",180,9
1719,54,"Phyllis Curtis",2026-02-22,07:00,10:00,400,"Brick Repair",180,5
1720,54,"Grace Solis",2026-02-23,07:00,11:00,650,"Chimney Repair",240,5
1721,54,"Mariela Ford",2026-02-23,12:24,18:24,800,"Concrete Pour",360,6
1722,54,"Trudie Peck",2026-02-24,07:00,19:00,2800,"Patio Install",720,5
1723,54,"Dianna Montgomery",2026-02-25,07:00,13:00,800,"Concrete Pour",360,5
1724,54,"Emilio Morgan",2026-02-26,07:00,10:00,400,"Brick Repair",180,8
1725,54,"Thea Gomez",2026-02-26,11:00,15:00,650,"Chimney Repair",240,5
1726,54,"Mae Butler",2026-02-27,07:00,19:00,2800,"Patio Install",720,5
1727,54,"Terresa Rose",2026-02-28,07:00,10:00,400,"Brick Repair",180,9
1728,54,"Lavonne Simmons",2026-02-28,11:29,15:29,650,"Chimney Repair",240,8
1729,54,"Nella Patel",2026-03-01,07:00,13:00,800,"Concrete Pour",360,7
1730,54,"Jenna Trujillo",2026-03-01,14:04,18:04,650,"Chimney Repair",240,6
1731,54,"Ursula Crane",2026-03-02,07:00,19:00,2800,"Patio Install",720,5
1732,54,"Lena Rivers",2026-03-03,07:00,13:00,800,"Concrete Pour",360,5
1733,54,"Noreen Patterson",2026-03-04,07:00,11:00,650,"Chimney Repair",240,5
1734,54,"Lucila Myers",2026-03-04,12:23,16:23,650,"Chimney Repair",240,7
1735,54,"May Berry",2026-03-05,07:00,19:00,2800,"Patio Install",720,5
1736,54,"Candace Paul",2026-03-06,07:00,10:00,400,"Brick Repair",180,6
1737,54,"Valentina Grant",2026-03-06,11:13,15:13,650,"Chimney Repair",240,6
1738,55,"Emmanuel Schroeder",2026-02-02,07:00,10:00,400,"Brick Repair",180,9
1739,55,"Caroline Cline",2026-02-02,11:20,14:20,400,"Brick Repair",180,9
1740,55,"Max Gillespie",2026-02-03,07:00,13:00,800,"Concrete Pour",360,9
1741,55,"Daphne Quintero",2026-02-04,07:00,19:00,2800,"Patio Install",720,9
1742,55,"Mikki Rose",2026-02-06,07:00,13:00,800,"Concrete Pour",360,9
1743,55,"Tina Castillo",2026-02-07,07:00,13:00,800,"Concrete Pour",360,9
1744,55,"Glinda Ramirez",2026-02-07,14:15,18:15,650,"Chimney Repair",240,9
1745,55,"Dudley Walsh",2026-02-13,07:00,11:00,650,"Chimney Repair",240,9
1746,55,"Bianca Prince",2026-02-13,11:49,15:49,650,"Chimney Repair",240,9
1747,55,"Maxine Robbins",2026-02-15,07:00,13:00,800,"Concrete Pour",360,5
1748,55,"Albert Wilson",2026-02-16,07:00,10:00,400,"Brick Repair",180,6
1749,55,"Madalyn Mendoza",2026-02-17,07:00,13:00,800,"Concrete Pour",360,9
1750,55,"Chelsea Martin",2026-02-17,13:59,17:59,650,"Chimney Repair",240,7
1751,55,"Mozella Graham",2026-02-18,07:00,19:00,2800,"Patio Install",720,5
1752,55,"Jenny Carroll",2026-02-19,07:00,19:00,2800,"Patio Install",720,6
1753,55,"Alonso Ortiz",2026-02-20,07:00,11:00,650,"Chimney Repair",240,7
1754,55,"Miranda Finley",2026-02-20,11:49,17:49,800,"Concrete Pour",360,9
1755,55,"Theresa Armstrong",2026-02-21,07:00,11:00,650,"Chimney Repair",240,9
1756,55,"Sofia Marks",2026-02-21,11:47,17:47,800,"Concrete Pour",360,5
1757,55,"Kaitlyn Cline",2026-02-22,07:00,11:00,650,"Chimney Repair",240,7
1758,55,"Karyn Hart",2026-02-22,12:20,16:20,650,"Chimney Repair",240,5
1759,55,"Leigh Brown",2026-02-23,07:00,13:00,800,"Concrete Pour",360,9
1760,55,"Megan Snow",2026-02-24,07:00,10:00,400,"Brick Repair",180,8
1761,55,"Katie Payne",2026-02-25,07:00,10:00,400,"Brick Repair",180,9
1762,55,"Hayden Parks",2026-02-25,11:16,15:16,650,"Chimney Repair",240,5
1763,55,"Channie Simpson",2026-02-26,07:00,10:00,400,"Brick Repair",180,5
1764,55,"Marlene Perkins",2026-02-26,11:28,17:28,800,"Concrete Pour",360,5
1765,55,"Shena Rhodes",2026-02-27,07:00,13:00,800,"Concrete Pour",360,5
1766,55,"Parthenia Stephens",2026-02-28,07:00,13:00,800,"Concrete Pour",360,5
1767,55,"Verdie Miles",2026-03-01,07:00,13:00,800,"Concrete Pour",360,7
1768,55,"Anita Roberts",2026-03-02,07:00,19:00,2800,"Patio Install",720,8
1769,55,"Jerlene Smith",2026-03-03,07:00,19:00,2800,"Patio Install",720,5
1770,56,"Forrest Reyes",2026-02-01,07:00,19:00,2800,"Patio Install",720,9
1771,56,"Oscar Vance",2026-02-02,07:00,11:00,650,"Chimney Repair",240,9
1772,56,"Valencia Ritter",2026-02-08,07:00,11:00,650,"Chimney Repair",240,9
1773,56,"Etta Jacobs",2026-02-10,07:00,11:00,650,"Chimney Repair",240,9
1774,56,"Susana Sanders",2026-02-11,07:00,11:00,650,"Chimney Repair",240,9
1775,56,"Willie Duran",2026-02-12,07:00,13:00,800,"Concrete Pour",360,9
1776,56,"Adrian Morgan",2026-02-12,13:58,17:58,650,"Chimney Repair",240,9
1777,56,"Latasha Sykes",2026-02-15,07:00,13:00,800,"Concrete Pour",360,8
1778,56,"Olga Rasmussen",2026-02-15,14:10,17:10,400,"Brick Repair",180,9
1779,56,"Flora Hernandez",2026-02-16,07:00,10:00,400,"Brick Repair",180,9
1780,56,"Cristina Reynolds",2026-02-16,11:30,17:30,800,"Concrete Pour",360,5
1781,56,"Alice Robinson",2026-02-17,07:00,11:00,650,"Chimney Repair",240,5
1782,56,"Madalyn Cochran",2026-02-17,11:58,15:58,650,"Chimney Repair",240,5
1783,56,"Loni Cole",2026-02-18,07:00,11:00,650,"Chimney Repair",240,5
1784,56,"Celestine Diaz",2026-02-18,11:49,15:49,650,"Chimney Repair",240,5
1785,56,"Sylvia Walsh",2026-02-19,07:00,19:00,2800,"Patio Install",720,8
1786,56,"Dorene Monroe",2026-02-20,07:00,10:00,400,"Brick Repair",180,9
1787,56,"Sharron Brooks",2026-02-20,11:09,17:09,800,"Concrete Pour",360,5
1788,56,"Junie Valdez",2026-02-21,07:00,10:00,400,"Brick Repair",180,5
1789,56,"Harlan McKee",2026-02-21,11:22,17:22,800,"Concrete Pour",360,6
1790,56,"Bernardo Diaz",2026-02-22,07:00,13:00,800,"Concrete Pour",360,6
1791,57,"Stacy Stout",2026-02-03,07:00,10:00,400,"Brick Repair",180,9
1792,57,"Cecile Alexander",2026-02-03,11:07,17:07,800,"Concrete Pour",360,9
1793,57,"Whitney McBride",2026-02-05,07:00,10:00,400,"Brick Repair",180,9
1794,57,"Maribeth Gallagher",2026-02-12,07:00,13:00,800,"Concrete Pour",360,9
1795,57,"Jeanette Anderson",2026-02-15,07:00,11:00,650,"Chimney Repair",240,5
1796,57,"Jax Banks",2026-02-16,07:00,10:00,400,"Brick Repair",180,8
1797,57,"Jerlene Smith",2026-02-16,11:19,14:19,400,"Brick Repair",180,5
1798,57,"Maddison Butler",2026-02-17,07:00,10:00,400,"Brick Repair",180,5
1799,57,"Wilda Roberts",2026-02-17,11:07,15:07,650,"Chimney Repair",240,5
1800,57,"Leslie Hart",2026-02-18,07:00,19:00,2800,"Patio Install",720,5
1801,57,"Lovie Orr",2026-02-19,07:00,11:00,650,"Chimney Repair",240,9
1802,57,"Diego Greene",2026-02-20,07:00,11:00,650,"Chimney Repair",240,5
1803,57,"Ava Wheeler",2026-02-20,12:25,15:25,400,"Brick Repair",180,8
1804,57,"Braden Livingston",2026-02-21,07:00,10:00,400,"Brick Repair",180,6
1805,57,"Gloria Gardner",2026-02-21,11:25,14:25,400,"Brick Repair",180,5
1806,57,"Socorro Bailey",2026-02-22,07:00,10:00,400,"Brick Repair",180,6
1807,57,"Elyse Nguyen",2026-02-22,11:18,14:18,400,"Brick Repair",180,5
1808,57,"Lindsay Cox",2026-02-23,07:00,11:00,650,"Chimney Repair",240,5
1809,57,"Madaline Perez",2026-02-23,12:11,15:11,400,"Brick Repair",180,5
1810,57,"Ruth Hart",2026-02-24,07:00,19:00,2800,"Patio Install",720,6
1811,57,"Bonita Greene",2026-02-25,07:00,19:00,2800,"Patio Install",720,9
1812,57,"Leanne Doyle",2026-02-26,07:00,13:00,800,"Concrete Pour",360,6
1813,57,"Georgann Thompson",2026-02-26,13:47,17:47,650,"Chimney Repair",240,7
1814,57,"Magdalena Harper",2026-02-27,07:00,19:00,2800,"Patio Install",720,5
1815,57,"Tatiana Bell",2026-02-28,07:00,13:00,800,"Concrete Pour",360,5
1816,58,"Kirsten Williams",2026-02-03,07:00,19:00,2800,"Patio Install",720,9
1817,58,"Oralia Clark",2026-02-05,07:00,13:00,800,"Concrete Pour",360,9
1818,58,"Jenna Flores",2026-02-07,07:00,19:00,2800,"Patio Install",720,9
1819,58,"Coleen Pierce",2026-02-08,07:00,19:00,2800,"Patio Install",720,9
1820,58,"Kaye Harvey",2026-02-09,07:00,10:00,400,"Brick Repair",180,9
1821,58,"Alana King",2026-02-11,07:00,10:00,400,"Brick Repair",180,9
1822,58,"Reba English",2026-02-15,07:00,13:00,800,"Concrete Pour",360,7
1823,58,"Miriam Stout",2026-02-16,07:00,19:00,2800,"Patio Install",720,9
1824,58,"Mozella Graham",2026-02-17,07:00,10:00,400,"Brick Repair",180,9
1825,58,"Tarsha Wheeler",2026-02-17,10:53,16:53,800,"Concrete Pour",360,5
1826,58,"Leslie Snow",2026-02-18,07:00,10:00,400,"Brick Repair",180,6
1827,58,"Ouida Ward",2026-02-18,11:01,15:01,650,"Chimney Repair",240,7
1828,58,"Ozell Hughes",2026-02-19,07:00,19:00,2800,"Patio Install",720,6
1829,58,"Madalyn Fitzgerald",2026-02-20,07:00,11:00,650,"Chimney Repair",240,8
1830,58,"Letha Wong",2026-02-20,12:11,15:11,400,"Brick Repair",180,5
1831,58,"Rosella Horton",2026-02-21,07:00,13:00,800,"Concrete Pour",360,5
1832,58,"Jama Ross",2026-02-21,14:02,18:02,650,"Chimney Repair",240,5
1833,58,"Gena Perkins",2026-02-22,07:00,10:00,400,"Brick Repair",180,6
1834,58,"Marlena Marsh",2026-02-22,10:53,16:53,800,"Concrete Pour",360,9
1835,58,"Jean Nash",2026-02-23,07:00,19:00,2800,"Patio Install",720,5
1836,58,"Mitzi Moore",2026-02-24,07:00,19:00,2800,"Patio Install",720,6
1837,58,"Kristina Winters",2026-02-25,07:00,19:00,2800,"Patio Install",720,9
1838,58,"Neta West",2026-02-26,07:00,11:00,650,"Chimney Repair",240,5
1839,58,"Thea Todd",2026-02-26,12:14,16:14,650,"Chimney Repair",240,5
1840,58,"Elisa Hawkins",2026-02-27,07:00,19:00,2800,"Patio Install",720,5
1841,58,"Louisa Simpson",2026-02-28,07:00,19:00,2800,"Patio Install",720,7
1842,58,"Classie Shaffer",2026-03-01,07:00,11:00,650,"Chimney Repair",240,5
1843,58,"Brooke Tyler",2026-03-01,11:45,14:45,400,"Brick Repair",180,7
1844,58,"Simone Walton",2026-03-02,07:00,10:00,400,"Brick Repair",180,8
1845,58,"Meryl Burns",2026-03-03,07:00,19:00,2800,"Patio Install",720,5
1846,59,"Riley Benson",2026-02-09,07:00,11:00,500,"Carpet Install",240,9
1847,59,"Wilfredo Dean",2026-02-09,12:15,17:15,600,"Floor Refinish",300,9
1848,59,"Odell Kirk",2026-02-10,07:00,12:00,600,"Floor Refinish",300,9
1849,59,"Ivory Ingram",2026-02-10,12:59,18:59,900,"Tile Install",360,9
1850,59,"Tim Leach",2026-02-12,07:00,13:00,900,"Tile Install",360,9
1851,59,"Virgie Reynolds",2026-02-15,07:00,13:00,900,"Tile Install",360,5
1852,59,"Lynnette Harper",2026-02-16,07:00,12:00,600,"Floor Refinish",300,5
1853,59,"Jared Edwards",2026-02-16,13:10,18:10,600,"Floor Refinish",300,5
1854,59,"Estelle Gardner",2026-02-17,07:00,13:00,900,"Tile Install",360,5
1855,59,"Tracy Odonnell",2026-02-18,07:00,12:00,600,"Floor Refinish",300,6
1856,59,"Gail Hudson",2026-02-18,13:03,18:03,600,"Floor Refinish",300,5
1857,59,"Sallie Moore",2026-02-19,07:00,15:00,1200,"Hardwood Install",480,5
1858,59,"Morgan Palmer",2026-02-20,07:00,11:00,500,"Carpet Install",240,5
1859,59,"Wilma Hernandez",2026-02-20,12:29,17:29,600,"Floor Refinish",300,5
1860,59,"Nannette Gibson",2026-02-21,07:00,12:00,600,"Floor Refinish",300,5
1861,59,"Leilani Romero",2026-02-21,12:55,18:55,900,"Tile Install",360,5
1862,59,"Maribeth Gallagher",2026-02-22,07:00,13:00,900,"Tile Install",360,5
1863,59,"Denise Pierce",2026-02-23,07:00,12:00,600,"Floor Refinish",300,9
1864,59,"Tyesha Johnston",2026-02-24,07:00,12:00,600,"Floor Refinish",300,7
1865,60,"Janelle Alvarez",2026-02-02,07:00,12:00,600,"Floor Refinish",300,9
1866,60,"Lashanda Ruiz",2026-02-02,13:24,17:24,500,"Carpet Install",240,9
1867,60,"Forrest Duncan",2026-02-04,07:00,11:00,500,"Carpet Install",240,9
1868,60,"Latasha Sykes",2026-02-07,07:00,13:00,900,"Tile Install",360,9
1869,60,"Miriam Pate",2026-02-07,13:53,18:53,600,"Floor Refinish",300,9
1870,60,"Danielle Jenkins",2026-02-08,07:00,12:00,600,"Floor Refinish",300,9
1871,60,"Rosina Trevino",2026-02-11,07:00,13:00,900,"Tile Install",360,9
1872,60,"Ema Levy",2026-02-12,07:00,15:00,1200,"Hardwood Install",480,9
1873,60,"Viola Ingram",2026-02-15,07:00,11:00,500,"Carpet Install",240,8
1874,60,"Landon Rogers",2026-02-15,12:04,16:04,500,"Carpet Install",240,6
1875,60,"Maryjane Curtis",2026-02-16,07:00,15:00,1200,"Hardwood Install",480,5
1876,60,"Palma Mullen",2026-02-17,07:00,11:00,500,"Carpet Install",240,6
1877,60,"Rosemary Gilbert",2026-02-18,07:00,15:00,1200,"Hardwood Install",480,7
1878,60,"Destiny Bell",2026-02-19,07:00,11:00,500,"Carpet Install",240,5
1879,60,"Flor Bush",2026-02-19,12:29,16:29,500,"Carpet Install",240,5
1880,60,"Carla Wilkinson",2026-02-20,07:00,13:00,900,"Tile Install",360,5
1881,60,"Sonja Graham",2026-02-21,07:00,11:00,500,"Carpet Install",240,8
1882,60,"Janna Nelson",2026-02-21,12:29,17:29,600,"Floor Refinish",300,5
1883,60,"Emilee Bass",2026-02-22,07:00,12:00,600,"Floor Refinish",300,6
1884,60,"Ocie Allen",2026-02-22,12:54,16:54,500,"Carpet Install",240,5
1885,60,"Judy Lynch",2026-02-23,07:00,11:00,500,"Carpet Install",240,5
1886,60,"Lavonne Bishop",2026-02-23,11:49,17:49,900,"Tile Install",360,9
1887,60,"Effie Rush",2026-02-24,07:00,12:00,600,"Floor Refinish",300,5
1888,60,"Kaitlyn Rasmussen",2026-02-25,07:00,13:00,900,"Tile Install",360,5
1889,61,"Keeley Stuart",2026-02-03,07:00,13:00,900,"Tile Install",360,9
1890,61,"Aisha Evans",2026-02-08,07:00,15:00,1200,"Hardwood Install",480,9
1891,61,"Blanche Cline",2026-02-11,07:00,15:00,1200,"Hardwood Install",480,9
1892,61,"Esperanza Miles",2026-02-12,07:00,15:00,1200,"Hardwood Install",480,9
1893,61,"Brenda Watts",2026-02-15,07:00,15:00,1200,"Hardwood Install",480,9
1894,61,"Theo Odom",2026-02-16,07:00,12:00,600,"Floor Refinish",300,5
1895,61,"Jami Mack",2026-02-16,12:48,17:48,600,"Floor Refinish",300,5
1896,61,"Zora Dunn",2026-02-17,07:00,13:00,900,"Tile Install",360,8
1897,61,"Liliana Woods",2026-02-18,07:00,11:00,500,"Carpet Install",240,8
1898,61,"Katelynn Ingram",2026-02-18,12:25,18:25,900,"Tile Install",360,6
1899,61,"Rolando Frazier",2026-02-19,07:00,12:00,600,"Floor Refinish",300,6
1900,61,"Gayle Vasquez",2026-02-19,12:45,16:45,500,"Carpet Install",240,5
1901,61,"Mathilda Carroll",2026-02-20,07:00,15:00,1200,"Hardwood Install",480,8
1902,61,"Brett Carr",2026-02-21,07:00,12:00,600,"Floor Refinish",300,5
1903,61,"Francene Lee",2026-02-21,13:27,18:27,600,"Floor Refinish",300,9
1904,61,"Jenise Stone",2026-02-22,07:00,15:00,1200,"Hardwood Install",480,9
1905,61,"Jenee May",2026-02-23,07:00,15:00,1200,"Hardwood Install",480,5
1906,61,"Lauren Berry",2026-02-24,07:00,15:00,1200,"Hardwood Install",480,5
1907,61,"Hadley Harmon",2026-02-25,07:00,15:00,1200,"Hardwood Install",480,5
1908,61,"Kenya Fisher",2026-02-26,07:00,13:00,900,"Tile Install",360,7
1909,61,"Lizbeth Baldwin",2026-02-27,07:00,11:00,500,"Carpet Install",240,8
1910,61,"Princess Barker",2026-02-27,11:45,16:45,600,"Floor Refinish",300,5
1911,62,"Mara Ruiz",2026-02-03,07:00,13:00,900,"Tile Install",360,9
1912,62,"Gerry Rush",2026-02-04,07:00,13:00,900,"Tile Install",360,9
1913,62,"Julia Miller",2026-02-05,07:00,12:00,600,"Floor Refinish",300,9
1914,62,"Deana Anderson",2026-02-11,07:00,11:00,500,"Carpet Install",240,9
1915,62,"Lucie Melendez",2026-02-12,07:00,12:00,600,"Floor Refinish",300,9
1916,62,"Leila Pratt",2026-02-12,12:47,18:47,900,"Tile Install",360,9
1917,62,"Haywood Shepherd",2026-02-15,07:00,11:00,500,"Carpet Install",240,5
1918,62,"Stacy Goodwin",2026-02-16,07:00,13:00,900,"Tile Install",360,8
1919,62,"Dorothy Ward",2026-02-17,07:00,13:00,900,"Tile Install",360,5
1920,62,"Iris Quinn",2026-02-17,13:59,18:59,600,"Floor Refinish",300,9
1921,62,"Martina Mills",2026-02-18,07:00,12:00,600,"Floor Refinish",300,5
1922,62,"Cathy Buchanan",2026-02-19,07:00,11:00,500,"Carpet Install",240,5
1923,62,"Violet Marks",2026-02-19,11:55,17:55,900,"Tile Install",360,5
1924,62,"Esteban Hudson",2026-02-20,07:00,12:00,600,"Floor Refinish",300,5
1925,62,"Frances Summers",2026-02-21,07:00,12:00,600,"Floor Refinish",300,5
1926,62,"Lindsay Hanson",2026-02-21,13:11,17:11,500,"Carpet Install",240,8
1927,62,"Rosemary Gilbert",2026-02-22,07:00,12:00,600,"Floor Refinish",300,5
1928,62,"Nadia Dawson",2026-02-23,07:00,11:00,500,"Carpet Install",240,5
1929,62,"Dorothy Ward",2026-02-23,11:54,17:54,900,"Tile Install",360,6
1930,62,"Charlene Zimmerman",2026-02-24,07:00,11:00,500,"Carpet Install",240,7
1931,62,"Landon Ware",2026-02-24,12:08,18:08,900,"Tile Install",360,9
1932,62,"Gail Chavez",2026-02-25,07:00,13:00,900,"Tile Install",360,8
1933,62,"Libby Simpson",2026-02-26,07:00,12:00,600,"Floor Refinish",300,7
1934,62,"Coleen Keller",2026-02-27,07:00,12:00,600,"Floor Refinish",300,5
1935,62,"Reva Sanders",2026-02-28,07:00,11:00,500,"Carpet Install",240,5
1936,63,"Drew Finley",2026-02-06,07:00,13:00,900,"Tile Install",360,9
1937,63,"Deana Lewis",2026-02-06,14:19,18:19,500,"Carpet Install",240,9
1938,63,"Shelly Mullen",2026-02-07,07:00,12:00,600,"Floor Refinish",300,9
1939,63,"Macy Nguyen",2026-02-07,13:05,17:05,500,"Carpet Install",240,9
1940,63,"Aida Green",2026-02-10,07:00,13:00,900,"Tile Install",360,9
1941,63,"Kristine Romero",2026-02-12,07:00,13:00,900,"Tile Install",360,9
1942,63,"Deloris Jacobs",2026-02-12,14:24,18:24,500,"Carpet Install",240,9
1943,63,"Gina Hill",2026-02-13,07:00,12:00,600,"Floor Refinish",300,9
1944,63,"Rachel Reed",2026-02-13,12:59,16:59,500,"Carpet Install",240,9
1945,63,"Caren Daniels",2026-02-15,07:00,11:00,500,"Carpet Install",240,5
1946,63,"Valeria Baldwin",2026-02-15,12:18,18:18,900,"Tile Install",360,6
1947,63,"Dedra Howard",2026-02-16,07:00,12:00,600,"Floor Refinish",300,8
1948,63,"Jerlene Hansen",2026-02-16,13:21,18:21,600,"Floor Refinish",300,5
1949,63,"Mariela Hendricks",2026-02-17,07:00,13:00,900,"Tile Install",360,5
1950,63,"Lynne Rivera",2026-02-18,07:00,13:00,900,"Tile Install",360,9
1951,63,"Matilda Oliver",2026-02-19,07:00,13:00,900,"Tile Install",360,8
1952,63,"Bernardo Diaz",2026-02-20,07:00,12:00,600,"Floor Refinish",300,5
1953,63,"June Benson",2026-02-20,13:18,18:18,600,"Floor Refinish",300,5
1954,63,"Lacey Daniels",2026-02-21,07:00,11:00,500,"Carpet Install",240,5
1955,64,"Violet Marks",2026-02-05,07:00,11:00,500,"Carpet Install",240,9
1956,64,"Tawana Cannon",2026-02-05,11:49,15:49,500,"Carpet Install",240,9
1957,64,"Fatima Oneal",2026-02-07,07:00,12:00,600,"Floor Refinish",300,9
1958,64,"Marcia Curtis",2026-02-07,13:13,18:13,600,"Floor Refinish",300,9
1959,64,"Shawn Larsen",2026-02-08,07:00,13:00,900,"Tile Install",360,9
1960,64,"Leatha Robinson",2026-02-08,14:13,18:13,500,"Carpet Install",240,9
1961,64,"Jadwiga Valencia",2026-02-09,07:00,12:00,600,"Floor Refinish",300,9
1962,64,"Jodie Yoder",2026-02-09,13:21,17:21,500,"Carpet Install",240,9
1963,64,"Elsie Keller",2026-02-13,07:00,11:00,500,"Carpet Install",240,9
1964,64,"Florence Wheeler",2026-02-14,07:00,11:00,500,"Carpet Install",240,9
1965,64,"Jenny Carroll",2026-02-14,11:45,15:45,500,"Carpet Install",240,9
1966,64,"Geneva Jensen",2026-02-15,07:00,15:00,1200,"Hardwood Install",480,6
1967,64,"Kendra Rush",2026-02-16,07:00,12:00,600,"Floor Refinish",300,5
1968,64,"Brooklyn Newton",2026-02-16,12:54,18:54,900,"Tile Install",360,5
1969,64,"Daniela Jordan",2026-02-17,07:00,11:00,500,"Carpet Install",240,8
1970,64,"Icy Reeves",2026-02-17,12:09,18:09,900,"Tile Install",360,5
1971,64,"Jack Walsh",2026-02-18,07:00,11:00,500,"Carpet Install",240,7
1972,64,"Lizbeth Baldwin",2026-02-18,12:30,17:30,600,"Floor Refinish",300,5
1973,64,"Roosevelt Larson",2026-02-19,07:00,15:00,1200,"Hardwood Install",480,8
1974,64,"Eliza Pate",2026-02-20,07:00,15:00,1200,"Hardwood Install",480,5
1975,64,"May Berry",2026-02-21,07:00,11:00,500,"Carpet Install",240,5
1976,64,"Rosaria Wood",2026-02-21,12:06,16:06,500,"Carpet Install",240,5
1977,64,"Marissa Cross",2026-02-22,07:00,12:00,600,"Floor Refinish",300,8
1978,64,"Georgia Green",2026-02-22,12:54,17:54,600,"Floor Refinish",300,5
1979,64,"Orville Benson",2026-02-23,07:00,13:00,900,"Tile Install",360,5
1980,64,"Tiana Salazar",2026-02-24,07:00,11:00,500,"Carpet Install",240,8
1981,64,"Twila Powell",2026-02-24,12:15,17:15,600,"Floor Refinish",300,5
1982,64,"Reagan Orr",2026-02-25,07:00,15:00,1200,"Hardwood Install",480,9
1983,64,"Pearl Alvarez",2026-02-26,07:00,12:00,600,"Floor Refinish",300,9
1984,64,"Mollie Bailey",2026-02-27,07:00,13:00,900,"Tile Install",360,6
1985,64,"Rutha White",2026-02-28,07:00,11:00,500,"Carpet Install",240,5
1986,64,"Nestor Rogers",2026-02-28,11:54,15:54,500,"Carpet Install",240,6
1987,64,"Kelsi Wilson",2026-03-01,07:00,11:00,500,"Carpet Install",240,6
1988,64,"Jeanette Gibson",2026-03-01,12:05,18:05,900,"Tile Install",360,5
1989,64,"Bessie Valencia",2026-03-02,07:00,12:00,600,"Floor Refinish",300,6
1990,64,"Kelly Stone",2026-03-03,07:00,12:00,600,"Floor Refinish",300,6
1991,64,"Sarah Kerr",2026-03-04,07:00,11:00,500,"Carpet Install",240,9
1992,65,"Willie Dean",2026-02-03,07:00,15:00,1200,"Hardwood Install",480,9
1993,65,"Essie Warren",2026-02-06,07:00,12:00,600,"Floor Refinish",300,9
1994,65,"Leanne Phillips",2026-02-10,07:00,15:00,1200,"Hardwood Install",480,9
1995,65,"Lauren Bass",2026-02-14,07:00,15:00,1200,"Hardwood Install",480,9
1996,65,"Jama Wheeler",2026-02-15,07:00,12:00,600,"Floor Refinish",300,6
1997,65,"Minnie Glover",2026-02-15,13:13,18:13,600,"Floor Refinish",300,6
1998,66,"Katlyn Adams",2026-02-02,07:00,08:00,200,"Real Estate Photos",60,9
1999,66,"Darrel Trevino",2026-02-02,09:21,11:21,350,"Product Photography",120,9
2000,66,"Benjamin Norris",2026-02-02,12:22,13:52,250,"Portrait Session",90,9
2001,66,"Kinsley Duke",2026-02-02,14:58,16:28,250,"Portrait Session",90,9
2002,66,"Alta Rose",2026-02-05,07:00,08:00,200,"Real Estate Photos",60,9
2003,66,"Lyla Knapp",2026-02-05,09:03,15:03,800,"Event Photography",360,9
2004,66,"Emelia Potter",2026-02-05,16:33,17:33,200,"Real Estate Photos",60,9
2005,66,"Sindy Mendoza",2026-02-15,07:00,08:00,200,"Real Estate Photos",60,5
2006,66,"Ruthanne Murphy",2026-02-15,09:08,11:08,350,"Product Photography",120,5
2007,66,"Matilda Oliver",2026-02-15,12:09,13:09,200,"Real Estate Photos",60,5
2008,66,"Vicente Morris",2026-02-15,14:00,16:00,350,"Product Photography",120,6
2009,66,"Birdie Ritter",2026-02-16,07:00,08:30,250,"Portrait Session",90,5
2010,66,"Nila Morrison",2026-02-16,09:35,15:35,800,"Event Photography",360,6
2011,66,"Alice Robinson",2026-02-16,16:30,18:00,250,"Portrait Session",90,5
2012,66,"Nannette Gibson",2026-02-17,07:00,09:00,350,"Product Photography",120,5
2013,66,"Fred Palmer",2026-02-17,10:30,12:30,350,"Product Photography",120,8
2014,66,"Edith Cochran",2026-02-17,13:49,14:49,200,"Real Estate Photos",60,5
2015,66,"Vivian Armstrong",2026-02-17,15:36,17:36,350,"Product Photography",120,5
2016,66,"Gabriella Martinez",2026-02-18,07:00,09:00,350,"Product Photography",120,5
2017,66,"Samantha Hansen",2026-02-18,10:26,12:26,350,"Product Photography",120,5
2018,66,"Gertrude Parker",2026-02-18,13:20,14:50,250,"Portrait Session",90,5
2019,66,"Jackie Orr",2026-02-19,07:00,08:30,250,"Portrait Session",90,6
2020,66,"Eliza Patrick",2026-02-19,09:27,10:57,250,"Portrait Session",90,8
2021,66,"Leslie Gonzalez",2026-02-19,12:11,18:11,800,"Event Photography",360,5
2022,66,"Carissa Larson",2026-02-20,07:00,08:30,250,"Portrait Session",90,5
2023,66,"Dorene Russell",2026-02-20,09:43,15:43,800,"Event Photography",360,8
2024,66,"Danae Schroeder",2026-02-20,16:28,18:28,350,"Product Photography",120,5
2025,66,"Marley Carlson",2026-02-21,07:00,13:00,800,"Event Photography",360,5
2026,66,"Jenise Stone",2026-02-22,07:00,08:00,200,"Real Estate Photos",60,8
2027,66,"Kyla Rivers",2026-02-22,09:13,11:13,350,"Product Photography",120,8
2028,66,"Luella Gonzales",2026-02-22,12:34,14:34,350,"Product Photography",120,5
2029,66,"Porter Wright",2026-02-22,15:24,17:24,350,"Product Photography",120,6
2030,66,"Maddison Hoffman",2026-02-23,07:00,08:30,250,"Portrait Session",90,5
2031,66,"Jami Cook",2026-02-23,09:37,11:07,250,"Portrait Session",90,5
2032,66,"Rosario Rhodes",2026-02-23,12:18,18:18,800,"Event Photography",360,6
2033,66,"Blanche Harmon",2026-02-24,07:00,13:00,800,"Event Photography",360,8
2034,66,"Tarsha Norman",2026-02-24,14:22,15:22,200,"Real Estate Photos",60,9
2035,66,"Omega Robbins",2026-02-24,16:22,18:22,350,"Product Photography",120,7
2036,66,"Bennett Webb",2026-02-25,07:00,13:00,800,"Event Photography",360,6
2037,66,"Willow Maxwell",2026-02-25,14:12,15:12,200,"Real Estate Photos",60,7
2038,66,"Maudie Stone",2026-02-25,16:13,18:13,350,"Product Photography",120,5
2039,66,"Ivana Gutierrez",2026-02-26,07:00,08:00,200,"Real Estate Photos",60,8
2040,66,"Chelsie Benson",2026-02-26,09:22,11:22,350,"Product Photography",120,5
2041,66,"Albert Wilson",2026-02-26,12:40,18:40,800,"Event Photography",360,5
2042,66,"Kyla Murray",2026-02-27,07:00,13:00,800,"Event Photography",360,5
2043,66,"Georgann Thompson",2026-02-27,14:21,15:51,250,"Portrait Session",90,6
2044,66,"Bianca Prince",2026-02-28,07:00,08:00,200,"Real Estate Photos",60,5
2045,66,"Jeanette Anderson",2026-02-28,08:59,14:59,800,"Event Photography",360,5
2046,66,"Wren Cervantes",2026-02-28,16:11,17:11,200,"Real Estate Photos",60,6
2047,66,"Houston Green",2026-03-01,07:00,08:00,200,"Real Estate Photos",60,5
2048,66,"Lulu Graham",2026-03-01,08:52,10:52,350,"Product Photography",120,7
2049,66,"Shelby Collins",2026-03-01,12:08,13:08,200,"Real Estate Photos",60,5
2050,66,"Violet Kramer",2026-03-01,14:29,15:59,250,"Portrait Session",90,7
2051,66,"Delores Quintero",2026-03-01,17:26,18:26,200,"Real Estate Photos",60,8
2052,66,"Adalynn Hart",2026-03-02,07:00,08:00,200,"Real Estate Photos",60,5
2053,66,"Elizabeth Gross",2026-03-02,09:07,11:07,350,"Product Photography",120,5
2054,66,"Donna Fry",2026-03-02,11:57,17:57,800,"Event Photography",360,5
2055,66,"Janna Harrison",2026-03-03,07:00,09:00,350,"Product Photography",120,5
2056,66,"Mandy Lawson",2026-03-03,10:15,11:45,250,"Portrait Session",90,5
2057,66,"Zoe Perry",2026-03-04,07:00,08:30,250,"Portrait Session",90,7
2058,66,"Trena Lloyd",2026-03-04,09:25,10:55,250,"Portrait Session",90,8
2059,66,"Isabel Noble",2026-03-04,12:23,13:53,250,"Portrait Session",90,5
2060,67,"Margie Davis",2026-02-02,07:00,13:00,800,"Event Photography",360,9
2061,67,"Rhoda Murphy",2026-02-02,14:27,15:57,250,"Portrait Session",90,9
2062,67,"Siobhan Combs",2026-02-02,16:45,18:45,350,"Product Photography",120,9
2063,67,"Hayden Parks",2026-02-03,07:00,08:30,250,"Portrait Session",90,9
2064,67,"Jenna Gibson",2026-02-03,09:37,10:37,200,"Real Estate Photos",60,9
2065,67,"Danyel Campbell",2026-02-03,11:55,12:55,200,"Real Estate Photos",60,9
2066,67,"Elaine Gonzalez",2026-02-03,14:23,15:23,200,"Real Estate Photos",60,9
2067,67,"Georgette Chavez",2026-02-05,07:00,08:30,250,"Portrait Session",90,9
2068,67,"Kasey Munoz",2026-02-05,09:49,10:49,200,"Real Estate Photos",60,9
2069,67,"Arlie Jackson",2026-02-05,11:38,17:38,800,"Event Photography",360,9
2070,67,"Magdalena Lindsay",2026-02-10,07:00,08:30,250,"Portrait Session",90,9
2071,67,"Monique Howard",2026-02-10,09:42,11:42,350,"Product Photography",120,9
2072,67,"Oliva Guerrero",2026-02-10,12:52,14:52,350,"Product Photography",120,9
2073,67,"Salvador Lopez",2026-02-11,07:00,08:30,250,"Portrait Session",90,9
2074,67,"Bethany Floyd",2026-02-11,09:29,10:29,200,"Real Estate Photos",60,9
2075,67,"Lise Coleman",2026-02-11,11:40,17:40,800,"Event Photography",360,9
2076,67,"Shelia Lam",2026-02-12,07:00,13:00,800,"Event Photography",360,9
2077,67,"Effie Gonzalez",2026-02-15,07:00,08:00,200,"Real Estate Photos",60,6
2078,67,"Summer Morales",2026-02-15,08:54,09:54,200,"Real Estate Photos",60,9
2079,67,"Sharron Lamb",2026-02-15,10:49,11:49,200,"Real Estate Photos",60,5
2080,67,"Sue Robinson",2026-02-16,07:00,08:30,250,"Portrait Session",90,5
2081,67,"Delores Evans",2026-02-16,09:18,15:18,800,"Event Photography",360,5
2082,67,"Kenya Wheeler",2026-02-16,16:19,17:19,200,"Real Estate Photos",60,7
2083,67,"Jadwiga Valencia",2026-02-17,07:00,08:00,200,"Real Estate Photos",60,6
2084,67,"Heather Conner",2026-02-17,09:09,15:09,800,"Event Photography",360,8
2085,67,"Anna Stanley",2026-02-17,16:23,17:53,250,"Portrait Session",90,9
2086,67,"Lea Freeman",2026-02-18,07:00,13:00,800,"Event Photography",360,8
2087,67,"Dannie Page",2026-02-18,14:10,15:40,250,"Portrait Session",90,5
2088,67,"Tena Rose",2026-02-19,07:00,09:00,350,"Product Photography",120,7
2089,67,"Finn Gutierrez",2026-02-19,10:24,11:54,250,"Portrait Session",90,5
2090,67,"Charity Livingston",2026-02-19,13:19,14:19,200,"Real Estate Photos",60,7
2091,67,"Riley Gray",2026-02-19,15:35,17:05,250,"Portrait Session",90,7
2092,67,"Marquita Dennis",2026-02-20,07:00,08:30,250,"Portrait Session",90,5
2093,67,"Nila Ford",2026-02-20,09:49,10:49,200,"Real Estate Photos",60,6
2094,67,"Geneva Rivers",2026-02-20,11:37,13:37,350,"Product Photography",120,9
2095,67,"Ozell Hughes",2026-02-21,07:00,09:00,350,"Product Photography",120,5
2096,67,"Tomas Preston",2026-02-21,10:07,16:07,800,"Event Photography",360,6
2097,67,"Leola Lindsay",2026-02-22,07:00,13:00,800,"Event Photography",360,8
2098,67,"Ruthann Maxwell",2026-02-23,07:00,08:00,200,"Real Estate Photos",60,9
2099,67,"Mabelle Cervantes",2026-02-23,09:26,10:26,200,"Real Estate Photos",60,9
2100,67,"Sindy Griffin",2026-02-23,11:16,12:46,250,"Portrait Session",90,5
2101,67,"Star Vaughn",2026-02-24,07:00,08:30,250,"Portrait Session",90,5
2102,67,"Jeanette White",2026-02-24,10:00,11:30,250,"Portrait Session",90,5
2103,67,"Oliva Stewart",2026-02-24,13:00,14:30,250,"Portrait Session",90,5
2104,67,"Elizabeth Gross",2026-02-25,07:00,08:00,200,"Real Estate Photos",60,7
2105,67,"Maribel Flores",2026-02-25,08:57,09:57,200,"Real Estate Photos",60,5
2106,67,"Gwendolyn Peck",2026-02-25,10:57,12:57,350,"Product Photography",120,6
2107,67,"Alana Pratt",2026-02-25,14:08,16:08,350,"Product Photography",120,5
2108,67,"Napoleon Dunn",2026-02-25,17:17,18:17,200,"Real Estate Photos",60,5
2109,68,"Maritza Wood",2026-02-09,07:00,13:00,800,"Event Photography",360,9
2110,68,"Diane Dawson",2026-02-13,07:00,09:00,350,"Product Photography",120,9
2111,68,"Katheryn Jordan",2026-02-13,10:22,16:22,800,"Event Photography",360,9
2112,68,"Exie Robbins",2026-02-15,07:00,09:00,350,"Product Photography",120,5
2113,68,"Elisabeth Parks",2026-02-15,09:52,15:52,800,"Event Photography",360,5
2114,69,"Zena Frazier",2026-02-08,07:00,08:00,200,"Real Estate Photos",60,9
2115,69,"Tenesha Lynch",2026-02-08,09:01,15:01,800,"Event Photography",360,9
2116,69,"Elmira Oneill",2026-02-08,16:14,17:14,200,"Real Estate Photos",60,9
2117,69,"Fannie Snow",2026-02-09,07:00,13:00,800,"Event Photography",360,9
2118,69,"Tabitha Villarreal",2026-02-10,07:00,08:30,250,"Portrait Session",90,9
2119,69,"Larissa Wells",2026-02-10,09:35,10:35,200,"Real Estate Photos",60,9
2120,69,"Bette May",2026-02-10,11:35,13:05,250,"Portrait Session",90,9
2121,69,"Jean Gonzales",2026-02-11,07:00,08:00,200,"Real Estate Photos",60,9
2122,69,"Lacy Harrison",2026-02-11,08:52,10:22,250,"Portrait Session",90,9
2123,69,"Katheryn Coleman",2026-02-11,11:10,17:10,800,"Event Photography",360,9
2124,69,"Jenna Gibson",2026-02-12,07:00,09:00,350,"Product Photography",120,9
2125,69,"Erma Melendez",2026-02-12,09:52,15:52,800,"Event Photography",360,9
2126,69,"Miranda Finley",2026-02-14,07:00,08:00,200,"Real Estate Photos",60,9
2127,69,"Dina Marks",2026-02-14,08:51,10:21,250,"Portrait Session",90,9
2128,69,"Riley Johnson",2026-02-14,11:22,17:22,800,"Event Photography",360,9
2129,69,"Deidra Alvarez",2026-02-15,07:00,08:30,250,"Portrait Session",90,5
2130,69,"Tyler Alexander",2026-02-15,09:23,10:23,200,"Real Estate Photos",60,5
2131,69,"Nina Oneal",2026-02-16,07:00,13:00,800,"Event Photography",360,6
2132,69,"Bertha Weaver",2026-02-16,14:23,16:23,350,"Product Photography",120,5
2133,69,"Jeanne Hill",2026-02-17,07:00,09:00,350,"Product Photography",120,8
2134,69,"Marina Sykes",2026-02-17,09:54,15:54,800,"Event Photography",360,5
2135,69,"Leone Harrison",2026-02-18,07:00,08:30,250,"Portrait Session",90,5
2136,69,"Yasmin Weaver",2026-02-18,09:39,10:39,200,"Real Estate Photos",60,5
2137,69,"Alice Wyatt",2026-02-18,11:28,13:28,350,"Product Photography",120,5
2138,69,"Pearl Marks",2026-02-19,07:00,08:30,250,"Portrait Session",90,7
2139,69,"Destiny Bell",2026-02-19,09:56,11:26,250,"Portrait Session",90,5
2140,69,"Felipe Perkins",2026-02-20,07:00,08:30,250,"Portrait Session",90,6
2141,69,"Emilie Vance",2026-02-20,09:44,11:44,350,"Product Photography",120,8
2142,69,"Ruthe Stephens",2026-02-20,12:44,18:44,800,"Event Photography",360,5
2143,69,"Margie Morris",2026-02-21,07:00,08:00,200,"Real Estate Photos",60,5
2144,69,"Audrey Gordon",2026-02-21,09:29,10:29,200,"Real Estate Photos",60,9
2145,69,"Kara White",2026-02-21,11:55,17:55,800,"Event Photography",360,9
2146,70,"Jan Bradley",2026-02-01,07:00,08:30,250,"Portrait Session",90,9
2147,70,"Louis Salazar",2026-02-01,09:37,11:07,250,"Portrait Session",90,9
2148,70,"Carolina Fuller",2026-02-01,12:37,18:37,800,"Event Photography",360,9
2149,70,"Ghislaine King",2026-02-10,07:00,13:00,800,"Event Photography",360,9
2150,70,"Norma Perez",2026-02-11,07:00,09:00,350,"Product Photography",120,9
2151,70,"Sofia Keller",2026-02-11,09:50,11:50,350,"Product Photography",120,9
2152,70,"Norma Norman",2026-02-11,13:05,15:05,350,"Product Photography",120,9
2153,70,"Bianca Kramer",2026-02-11,16:31,18:31,350,"Product Photography",120,9
2154,70,"Gina Lloyd",2026-02-14,07:00,08:00,200,"Real Estate Photos",60,9
2155,70,"Cecile Alexander",2026-02-14,09:15,10:45,250,"Portrait Session",90,9
2156,70,"Sofia Fleming",2026-02-14,11:59,13:29,250,"Portrait Session",90,9
2157,70,"Megan Wood",2026-02-15,07:00,13:00,800,"Event Photography",360,8
2158,70,"Leanna Robbins",2026-02-15,13:58,14:58,200,"Real Estate Photos",60,6
2159,70,"Pennie Hanna",2026-02-15,15:45,16:45,200,"Real Estate Photos",60,8
2160,70,"Sarah Guzman",2026-02-16,07:00,13:00,800,"Event Photography",360,5
2161,70,"Kenya Murray",2026-02-16,13:58,14:58,200,"Real Estate Photos",60,6
2162,70,"Kira Kerr",2026-02-16,16:07,17:07,200,"Real Estate Photos",60,7
2163,70,"Hunter O'Brien",2026-02-17,07:00,13:00,800,"Event Photography",360,9
2164,70,"Katharina Greene",2026-02-18,07:00,13:00,800,"Event Photography",360,9
2165,70,"Riley Gray",2026-02-18,14:04,15:34,250,"Portrait Session",90,5
2166,70,"Owen Freeman",2026-02-19,07:00,08:00,200,"Real Estate Photos",60,5
2167,70,"Jax Reynolds",2026-02-19,09:02,15:02,800,"Event Photography",360,5
2168,70,"Michelle Newman",2026-02-20,07:00,08:00,200,"Real Estate Photos",60,5
2169,70,"Oda Stanley",2026-02-20,08:49,14:49,800,"Event Photography",360,5
2170,70,"Thurman Perkins",2026-02-20,16:19,18:19,350,"Product Photography",120,5
2171,70,"Meta Hanna",2026-02-21,07:00,08:00,200,"Real Estate Photos",60,5
2172,70,"Trudy Lee",2026-02-21,09:21,11:21,350,"Product Photography",120,7
2173,70,"Mimi Perez",2026-02-21,12:28,13:28,200,"Real Estate Photos",60,9
2174,70,"Priscilla Shaffer",2026-02-22,07:00,09:00,350,"Product Photography",120,5
2175,70,"Deloris Goodwin",2026-02-22,10:15,11:15,200,"Real Estate Photos",60,5
2176,70,"Tiffanie Carr",2026-02-22,12:25,18:25,800,"Event Photography",360,8
2177,70,"Nora Carr",2026-02-23,07:00,13:00,800,"Event Photography",360,5
2178,70,"Janis Phelps",2026-02-23,14:23,15:23,200,"Real Estate Photos",60,6
2179,70,"Kathrine Gonzales",2026-02-23,16:17,17:47,250,"Portrait Session",90,8
2180,70,"Judy Lynch",2026-02-24,07:00,08:30,250,"Portrait Session",90,5
2181,70,"Roman Allen",2026-02-24,09:25,11:25,350,"Product Photography",120,9
2182,70,"Phillis Ruiz",2026-02-24,12:41,18:41,800,"Event Photography",360,5
2183,70,"Mabel Henderson",2026-02-25,07:00,09:00,350,"Product Photography",120,9
2184,70,"Maybelle King",2026-02-25,10:03,11:03,200,"Real Estate Photos",60,8
2185,70,"Hilary McBride",2026-02-25,12:00,13:30,250,"Portrait Session",90,5
2186,70,"Betty Murray",2026-02-25,14:30,16:00,250,"Portrait Session",90,7
2187,70,"Katherine Cruz",2026-02-26,07:00,08:00,200,"Real Estate Photos",60,6
2188,70,"Fay Lamb",2026-02-26,09:18,11:18,350,"Product Photography",120,5
2189,70,"Paulette Gilbert",2026-02-26,12:17,13:17,200,"Real Estate Photos",60,8
2190,71,"Jimmy Peterson",2026-02-01,07:00,13:00,800,"Event Photography",360,9
2191,71,"Kai Gutierrez",2026-02-01,14:25,15:55,250,"Portrait Session",90,9
2192,71,"Roma Jensen",2026-02-01,17:11,18:41,250,"Portrait Session",90,9
2193,71,"Sindy Kramer",2026-02-04,07:00,08:30,250,"Portrait Session",90,9
2194,71,"Karin Fowler",2026-02-04,09:50,11:50,350,"Product Photography",120,9
2195,71,"Beatrice Lam",2026-02-04,12:43,13:43,200,"Real Estate Photos",60,9
2196,71,"Flora Thomas",2026-02-04,14:54,16:54,350,"Product Photography",120,9
2197,71,"Pansy Bell",2026-02-04,17:41,18:41,200,"Real Estate Photos",60,9
2198,71,"Miranda Perry",2026-02-07,07:00,13:00,800,"Event Photography",360,9
2199,71,"Lea Hammond",2026-02-07,14:27,15:57,250,"Portrait Session",90,9
2200,71,"Nettie Fox",2026-02-07,16:48,18:18,250,"Portrait Session",90,9
2201,71,"Violet Buchanan",2026-02-09,07:00,13:00,800,"Event Photography",360,9
2202,71,"Lindy Ritter",2026-02-09,14:13,15:43,250,"Portrait Session",90,9
2203,71,"Alexandra Baker",2026-02-09,16:53,18:23,250,"Portrait Session",90,9
2204,71,"Elvira Barber",2026-02-10,07:00,08:30,250,"Portrait Session",90,9
2205,71,"Cassie James",2026-02-10,09:34,10:34,200,"Real Estate Photos",60,9
2206,71,"Phyllis Torres",2026-02-10,11:36,17:36,800,"Event Photography",360,9
2207,71,"Lela Trujillo",2026-02-12,07:00,08:30,250,"Portrait Session",90,9
2208,71,"Hayden Jimenez",2026-02-12,09:54,15:54,800,"Event Photography",360,9
2209,71,"Tina Lambert",2026-02-15,07:00,08:30,250,"Portrait Session",90,5
2210,71,"Michelle Newman",2026-02-15,09:23,10:23,200,"Real Estate Photos",60,6
2211,71,"Gianna Foster",2026-02-15,11:12,12:12,200,"Real Estate Photos",60,7
2212,71,"Jerry Davis",2026-02-16,07:00,09:00,350,"Product Photography",120,7
2213,71,"Dee Lambert",2026-02-16,10:03,11:03,200,"Real Estate Photos",60,5
2214,71,"Isabella Carr",2026-02-16,12:06,18:06,800,"Event Photography",360,5
2215,71,"Lula Graham",2026-02-17,07:00,09:00,350,"Product Photography",120,5
2216,71,"Nan Burns",2026-02-17,09:53,11:53,350,"Product Photography",120,7
2217,71,"Lottie Patrick",2026-02-17,12:53,13:53,200,"Real Estate Photos",60,5
2218,71,"Jacinta May",2026-02-18,07:00,08:00,200,"Real Estate Photos",60,6
2219,71,"Amber Pratt",2026-02-18,08:57,10:57,350,"Product Photography",120,6
2220,71,"Margarette Stewart",2026-02-18,12:17,14:17,350,"Product Photography",120,5
2221,71,"Virgie Lindsay",2026-02-18,15:23,17:23,350,"Product Photography",120,5
2222,71,"Marie Wells",2026-02-19,07:00,09:00,350,"Product Photography",120,8
2223,71,"Serenity Chavez",2026-02-19,10:22,11:22,200,"Real Estate Photos",60,5
2224,71,"Kirsten Buchanan",2026-02-19,12:23,13:53,250,"Portrait Session",90,8
2225,71,"Jerilyn Patrick",2026-02-20,07:00,13:00,800,"Event Photography",360,9
2226,71,"Jettie Snyder",2026-02-20,14:26,15:26,200,"Real Estate Photos",60,5
2227,71,"Juanita Nelson",2026-02-20,16:41,18:41,350,"Product Photography",120,5
2228,71,"Hellen Dean",2026-02-21,07:00,08:00,200,"Real Estate Photos",60,8
2229,71,"Otilia Glover",2026-02-21,09:30,11:30,350,"Product Photography",120,9
2230,71,"Danielle Jenkins",2026-02-21,12:42,13:42,200,"Real Estate Photos",60,7
2231,71,"Vivian Armstrong",2026-02-21,14:36,16:36,350,"Product Photography",120,5
2232,71,"Kyla Knapp",2026-02-22,07:00,13:00,800,"Event Photography",360,5
2233,71,"Lindsay Valencia",2026-02-22,14:25,15:25,200,"Real Estate Photos",60,5
2234,71,"Latisha Keller",2026-02-22,16:26,18:26,350,"Product Photography",120,7
2235,71,"Shari Morrison",2026-02-23,07:00,08:00,200,"Real Estate Photos",60,7
2236,71,"Valentina Grant",2026-02-23,08:55,09:55,200,"Real Estate Photos",60,7
2237,71,"Socorro Holland",2026-02-23,10:53,12:23,250,"Portrait Session",90,5
2238,71,"Marina Valdez",2026-02-23,13:47,14:47,200,"Real Estate Photos",60,5
2239,71,"Fern Dixon",2026-02-24,07:00,08:00,200,"Real Estate Photos",60,5
2240,71,"Juliana Fry",2026-02-24,08:59,10:29,250,"Portrait Session",90,5
2241,71,"Emilia Buchanan",2026-02-24,11:45,13:45,350,"Product Photography",120,8
2242,71,"Diana Salazar",2026-02-25,07:00,08:00,200,"Real Estate Photos",60,5
2243,71,"Ocie Brown",2026-02-25,08:48,10:48,350,"Product Photography",120,9
2244,71,"Rhoda Murphy",2026-02-25,11:49,13:49,350,"Product Photography",120,5
2245,71,"Susanna Valdez",2026-02-25,15:00,17:00,350,"Product Photography",120,5
2246,71,"Catalina George",2026-02-26,07:00,08:30,250,"Portrait Session",90,5
2247,71,"Marlene Guzman",2026-02-26,09:59,11:59,350,"Product Photography",120,5
2248,71,"Emma Hughes",2026-02-26,12:55,18:55,800,"Event Photography",360,5
2249,71,"Ivory Ingram",2026-02-27,07:00,09:00,350,"Product Photography",120,8
2250,71,"Ardeth Bowman",2026-02-27,10:08,16:08,800,"Event Photography",360,5
2251,71,"Susana Sanders",2026-02-27,17:18,18:48,250,"Portrait Session",90,7
2252,71,"Erma Thornton",2026-02-28,07:00,13:00,800,"Event Photography",360,5
2253,71,"Nancy Rasmussen",2026-02-28,14:29,15:29,200,"Real Estate Photos",60,6
2254,71,"Marguerite Maxwell",2026-02-28,16:36,18:36,350,"Product Photography",120,5
2255,71,"Hilda Kennedy",2026-03-01,07:00,08:30,250,"Portrait Session",90,7
2256,71,"Janessa Barnes",2026-03-01,09:20,10:20,200,"Real Estate Photos",60,8
2257,71,"Roberta Berry",2026-03-01,11:11,12:41,250,"Portrait Session",90,8
2258,71,"Della Frazier",2026-03-01,13:28,14:28,200,"Real Estate Photos",60,5
2259,72,"Olga Rasmussen",2026-02-02,07:00,08:00,200,"Real Estate Photos",60,9
2260,72,"Jonna Buchanan",2026-02-02,09:23,10:53,250,"Portrait Session",90,9
2261,72,"Pearl Hawkins",2026-02-02,12:14,14:14,350,"Product Photography",120,9
2262,72,"Gena Tate",2026-02-06,07:00,09:00,350,"Product Photography",120,9
2263,72,"Rudy Bell",2026-02-06,10:07,12:07,350,"Product Photography",120,9
2264,72,"Sherwood Lopez",2026-02-07,07:00,13:00,800,"Event Photography",360,9
2265,72,"Denise Livingston",2026-02-11,07:00,08:30,250,"Portrait Session",90,9
2266,72,"Griselda Jackson",2026-02-11,10:00,11:00,200,"Real Estate Photos",60,9
2267,72,"Linus Gardner",2026-02-12,07:00,08:30,250,"Portrait Session",90,9
2268,72,"Pearlie Wade",2026-02-12,09:42,11:12,250,"Portrait Session",90,9
2269,72,"Fernanda Vance",2026-02-12,12:38,18:38,800,"Event Photography",360,9
2270,72,"Michele Gates",2026-02-13,07:00,08:00,200,"Real Estate Photos",60,9
2271,72,"Morgan Palmer",2026-02-13,09:04,11:04,350,"Product Photography",120,9
2272,72,"Zena Dunn",2026-02-13,12:21,18:21,800,"Event Photography",360,9
2273,72,"Pamala Peterson",2026-02-15,07:00,08:00,200,"Real Estate Photos",60,5
2274,72,"Shari Rose",2026-02-15,08:49,14:49,800,"Event Photography",360,5
2275,72,"Jan Bradley",2026-02-15,15:52,17:52,350,"Product Photography",120,6
2276,72,"Kerrie Turner",2026-02-16,07:00,13:00,800,"Event Photography",360,5
2277,72,"Kaitlyn Rasmussen",2026-02-17,07:00,08:30,250,"Portrait Session",90,5
2278,72,"Dorine Coleman",2026-02-17,09:51,11:51,350,"Product Photography",120,5
2279,72,"Doreen Summers",2026-02-17,12:39,13:39,200,"Real Estate Photos",60,7
2280,72,"Victoria Guerrero",2026-02-18,07:00,08:30,250,"Portrait Session",90,5
2281,72,"Elnora McBride",2026-02-18,09:36,11:06,250,"Portrait Session",90,8
2282,72,"Ola Odom",2026-02-18,12:15,14:15,350,"Product Photography",120,5
2283,72,"Ghislaine King",2026-02-18,15:07,16:37,250,"Portrait Session",90,8
2284,72,"Exie Robbins",2026-02-19,07:00,09:00,350,"Product Photography",120,8
2285,72,"Diana Reynolds",2026-02-19,10:15,11:45,250,"Portrait Session",90,5
2286,72,"Phyllis Salazar",2026-02-19,12:54,18:54,800,"Event Photography",360,5
2287,72,"Nancie McLaughlin",2026-02-20,07:00,08:00,200,"Real Estate Photos",60,5
2288,72,"Francine Stephens",2026-02-20,08:52,10:22,250,"Portrait Session",90,5
2289,72,"Maribel Rivera",2026-02-20,11:50,12:50,200,"Real Estate Photos",60,5
2290,72,"Rodolfo Proctor",2026-02-21,07:00,13:00,800,"Event Photography",360,5
2291,72,"Stella Rogers",2026-02-22,07:00,13:00,800,"Event Photography",360,7
2292,72,"Olga Peterson",2026-02-23,07:00,13:00,800,"Event Photography",360,5
2293,72,"Lavada McBride",2026-02-24,07:00,09:00,350,"Product Photography",120,5
2294,72,"Willie Dean",2026-02-24,10:22,11:52,250,"Portrait Session",90,5
2295,72,"Sindy Kramer",2026-02-24,13:14,14:14,200,"Real Estate Photos",60,5
2296,72,"Georgann Gordon",2026-02-25,07:00,08:00,200,"Real Estate Photos",60,5
2297,72,"Michelle Frank",2026-02-25,09:07,10:07,200,"Real Estate Photos",60,7
2298,72,"Dena Gillespie",2026-02-26,07:00,08:30,250,"Portrait Session",90,6
2299,72,"Easter English",2026-02-26,09:34,10:34,200,"Real Estate Photos",60,8
2300,72,"Trudie Pollard",2026-02-26,11:48,17:48,800,"Event Photography",360,5
2301,72,"Shawn Larsen",2026-02-27,07:00,09:00,350,"Product Photography",120,7
2302,72,"Wanda Foster",2026-02-27,10:16,16:16,800,"Event Photography",360,6
2303,73,"Dominique Weaver",2026-02-01,07:00,19:00,2200,"Wedding Video",720,9
2304,73,"Diana Daniels",2026-02-04,07:00,09:00,400,"Drone Footage",120,9
2305,73,"Alejandra Pate",2026-02-04,09:55,13:55,500,"Short Form Video",240,9
2306,73,"Hoyt Graham",2026-02-11,07:00,09:00,400,"Drone Footage",120,9
2307,73,"Murray Terrell",2026-02-11,10:24,16:24,1200,"Commercial Shoot",360,9
2308,73,"Fred Palmer",2026-02-12,07:00,13:00,1200,"Commercial Shoot",360,9
2309,73,"Roslyn Mendoza",2026-02-12,14:20,16:20,400,"Drone Footage",120,9
2310,73,"Inell Patrick",2026-02-15,07:00,13:00,1200,"Commercial Shoot",360,5
2311,73,"Verdie Tate",2026-02-15,13:54,17:54,500,"Short Form Video",240,8
2312,73,"Latoya Poole",2026-02-16,07:00,09:00,400,"Drone Footage",120,5
2313,73,"Rosaria Brown",2026-02-16,10:30,16:30,1200,"Commercial Shoot",360,5
2314,73,"Hattie Shaffer",2026-02-17,07:00,19:00,2200,"Wedding Video",720,5
2315,73,"Juliana Ortiz",2026-02-18,07:00,19:00,2200,"Wedding Video",720,5
2316,73,"Wilda Valdez",2026-02-19,07:00,09:00,400,"Drone Footage",120,7
2317,73,"Iris Quinn",2026-02-20,07:00,19:00,2200,"Wedding Video",720,5
2318,73,"Roxie Smith",2026-02-21,07:00,19:00,2200,"Wedding Video",720,5
2319,73,"Pamela Orr",2026-02-22,07:00,19:00,2200,"Wedding Video",720,5
2320,73,"Pennie Santiago",2026-02-23,07:00,11:00,500,"Short Form Video",240,6
2321,73,"Mae George",2026-02-24,07:00,09:00,400,"Drone Footage",120,9
2322,73,"Romona Finley",2026-02-24,09:57,11:57,400,"Drone Footage",120,9
2323,73,"Zella Alexander",2026-02-25,07:00,09:00,400,"Drone Footage",120,6
2324,73,"Wynona Wade",2026-02-25,09:54,13:54,500,"Short Form Video",240,5
2325,73,"Tania Hansen",2026-02-26,07:00,09:00,400,"Drone Footage",120,5
2326,73,"Stephanie Lewis",2026-02-26,09:46,11:46,400,"Drone Footage",120,7
2327,73,"Tai Gutierrez",2026-02-26,13:04,17:04,500,"Short Form Video",240,5
2328,74,"Lashanda Ruiz",2026-02-01,07:00,09:00,400,"Drone Footage",120,9
2329,74,"Ethel Gonzalez",2026-02-05,07:00,09:00,400,"Drone Footage",120,9
2330,74,"Tyler Alexander",2026-02-05,09:51,11:51,400,"Drone Footage",120,9
2331,74,"Libby Adams",2026-02-05,12:57,16:57,500,"Short Form Video",240,9
2332,74,"Trish O'Brien",2026-02-06,07:00,09:00,400,"Drone Footage",120,9
2333,74,"Arlo Brooks",2026-02-08,07:00,09:00,400,"Drone Footage",120,9
2334,74,"Hollie Rose",2026-02-08,10:03,12:03,400,"Drone Footage",120,9
2335,74,"Wynona Wade",2026-02-08,12:49,18:49,1200,"Commercial Shoot",360,9
2336,74,"Roy Larson",2026-02-09,07:00,13:00,1200,"Commercial Shoot",360,9
2337,74,"Melodie McDonald",2026-02-15,07:00,11:00,500,"Short Form Video",240,5
2338,74,"Frances Bass",2026-02-15,12:02,14:02,400,"Drone Footage",120,9
2339,74,"Cathy Buchanan",2026-02-16,07:00,19:00,2200,"Wedding Video",720,5
2340,74,"Shawna Combs",2026-02-17,07:00,13:00,1200,"Commercial Shoot",360,5
2341,74,"Fernanda Bennett",2026-02-17,14:24,16:24,400,"Drone Footage",120,5
2342,74,"Rosa Sullivan",2026-02-18,07:00,09:00,400,"Drone Footage",120,5
2343,74,"Carolina Fuller",2026-02-18,10:12,14:12,500,"Short Form Video",240,5
2344,74,"Aria Burns",2026-02-18,15:16,17:16,400,"Drone Footage",120,5
2345,74,"Erna Prince",2026-02-19,07:00,11:00,500,"Short Form Video",240,5
2346,74,"Ian Simpson",2026-02-19,11:45,17:45,1200,"Commercial Shoot",360,5
2347,74,"Mimi Perez",2026-02-20,07:00,11:00,500,"Short Form Video",240,5
2348,74,"Imogene Campbell",2026-02-21,07:00,13:00,1200,"Commercial Shoot",360,7
2349,74,"Virgie Sullivan",2026-02-21,14:16,16:16,400,"Drone Footage",120,5
2350,74,"Martina Gordon",2026-02-22,07:00,19:00,2200,"Wedding Video",720,8
2351,74,"Diamond Simmons",2026-02-23,07:00,19:00,2200,"Wedding Video",720,5
2352,75,"Brynn Solis",2026-02-03,07:00,11:00,500,"Short Form Video",240,9
2353,75,"Xenia Conner",2026-02-03,11:56,15:56,500,"Short Form Video",240,9
2354,75,"Echo Valdez",2026-02-04,07:00,09:00,400,"Drone Footage",120,9
2355,75,"Laci Randolph",2026-02-04,10:02,14:02,500,"Short Form Video",240,9
2356,75,"Maegan Armstrong",2026-02-06,07:00,09:00,400,"Drone Footage",120,9
2357,75,"Dolly Wright",2026-02-06,10:09,16:09,1200,"Commercial Shoot",360,9
2358,75,"Garrett Benson",2026-02-10,07:00,13:00,1200,"Commercial Shoot",360,9
2359,75,"Karin Alexander",2026-02-14,07:00,11:00,500,"Short Form Video",240,9
2360,75,"Tucker Gonzalez",2026-02-15,07:00,09:00,400,"Drone Footage",120,8
2361,75,"Effie Wong",2026-02-15,10:17,14:17,500,"Short Form Video",240,5
2362,75,"Jean Oneal",2026-02-15,15:32,17:32,400,"Drone Footage",120,6
2363,75,"Tana Holmes",2026-02-16,07:00,11:00,500,"Short Form Video",240,6
2364,75,"Magdalena Harper",2026-02-16,12:30,16:30,500,"Short Form Video",240,6
2365,75,"Earline Hart",2026-02-17,07:00,13:00,1200,"Commercial Shoot",360,5
2366,75,"Nan Burns",2026-02-18,07:00,09:00,400,"Drone Footage",120,8
2367,75,"Russell Stark",2026-02-18,10:30,16:30,1200,"Commercial Shoot",360,5
2368,75,"Loretta Sanchez",2026-02-19,07:00,11:00,500,"Short Form Video",240,5
2369,75,"Tatiana Bell",2026-02-19,12:13,14:13,400,"Drone Footage",120,5
2370,75,"Patricia Patterson",2026-02-20,07:00,09:00,400,"Drone Footage",120,5
2371,75,"Rigoberto Snyder",2026-02-21,07:00,19:00,2200,"Wedding Video",720,5
2372,75,"Linda Gibson",2026-02-22,07:00,19:00,2200,"Wedding Video",720,7
2373,76,"Fred Strong",2026-02-01,07:00,19:00,2200,"Wedding Video",720,9
2374,76,"Salome Quinn",2026-02-07,07:00,19:00,2200,"Wedding Video",720,9
2375,76,"Leann Nguyen",2026-02-14,07:00,19:00,2200,"Wedding Video",720,9
2376,76,"Ozella Ramirez",2026-02-15,07:00,19:00,2200,"Wedding Video",720,5
2377,76,"Lovie Hale",2026-02-16,07:00,13:00,1200,"Commercial Shoot",360,7
2378,76,"Hunter Buchanan",2026-02-16,13:51,17:51,500,"Short Form Video",240,6
2379,76,"Simone Sweeney",2026-02-17,07:00,11:00,500,"Short Form Video",240,5
2380,76,"Otha Barton",2026-02-17,11:46,13:46,400,"Drone Footage",120,8
2381,76,"Rosario Rhodes",2026-02-17,14:49,16:49,400,"Drone Footage",120,5
2382,76,"Elsa Solis",2026-02-18,07:00,19:00,2200,"Wedding Video",720,7
2383,76,"Teagan Burke",2026-02-19,07:00,19:00,2200,"Wedding Video",720,5
2384,76,"Shawna Combs",2026-02-20,07:00,11:00,500,"Short Form Video",240,7
2385,76,"Damaris Munoz",2026-02-21,07:00,09:00,400,"Drone Footage",120,6
2386,76,"Josiah McGuire",2026-02-21,10:06,14:06,500,"Short Form Video",240,5
2387,76,"Jestine Rasmussen",2026-02-21,14:51,18:51,500,"Short Form Video",240,5
2388,76,"Mae Poole",2026-02-22,07:00,11:00,500,"Short Form Video",240,9
2389,76,"Merilyn Todd",2026-02-22,12:17,14:17,400,"Drone Footage",120,6
2390,76,"Jack Morris",2026-02-22,15:47,17:47,400,"Drone Footage",120,5
2391,76,"Sheila White",2026-02-23,07:00,11:00,500,"Short Form Video",240,5
2392,76,"Linus Ingram",2026-02-24,07:00,19:00,2200,"Wedding Video",720,7
2393,76,"Ora Harper",2026-02-25,07:00,19:00,2200,"Wedding Video",720,7
2394,76,"Lonnie Harmon",2026-02-26,07:00,09:00,400,"Drone Footage",120,5
2395,76,"Fatima Oneal",2026-02-26,09:53,15:53,1200,"Commercial Shoot",360,5
2396,76,"Terresa Livingston",2026-02-27,07:00,13:00,1200,"Commercial Shoot",360,5
2397,76,"Magdalena Wallace",2026-02-28,07:00,13:00,1200,"Commercial Shoot",360,6
2398,76,"Ethel Gonzalez",2026-03-01,07:00,19:00,2200,"Wedding Video",720,5
2399,76,"Diamond Simmons",2026-03-02,07:00,11:00,500,"Short Form Video",240,9
2400,76,"Mathilda Baldwin",2026-03-02,11:58,15:58,500,"Short Form Video",240,5
2401,76,"Lindsay Marks",2026-03-03,07:00,09:00,400,"Drone Footage",120,8
2402,76,"Lucas Santiago",2026-03-03,10:07,12:07,400,"Drone Footage",120,7
2403,76,"Vanessa May",2026-03-03,13:22,17:22,500,"Short Form Video",240,9
2404,76,"Max Wallace",2026-03-04,07:00,13:00,1200,"Commercial Shoot",360,5
2405,76,"Magdalena Hess",2026-03-05,07:00,09:00,400,"Drone Footage",120,9
2406,76,"Diana Gilbert",2026-03-06,07:00,09:00,400,"Drone Footage",120,8
2407,76,"Shari Wong",2026-03-06,10:02,16:02,1200,"Commercial Shoot",360,5
2408,76,"Jeannette Hudson",2026-03-07,07:00,13:00,1200,"Commercial Shoot",360,6
2409,77,"Shelia Kerr",2026-02-03,07:00,09:00,400,"Drone Footage",120,9
2410,77,"Gretchen McLaughlin",2026-02-05,07:00,11:00,500,"Short Form Video",240,9
2411,77,"Odie Gallagher",2026-02-05,12:26,18:26,1200,"Commercial Shoot",360,9
2412,77,"Gertie Norris",2026-02-08,07:00,19:00,2200,"Wedding Video",720,9
2413,77,"Emery Gray",2026-02-09,07:00,09:00,400,"Drone Footage",120,9
2414,77,"Louis Snyder",2026-02-10,07:00,11:00,500,"Short Form Video",240,9
2415,77,"Jocelyn Greene",2026-02-13,07:00,11:00,500,"Short Form Video",240,9
2416,77,"Dolores Reyes",2026-02-15,07:00,19:00,2200,"Wedding Video",720,5
2417,77,"Kirsten Marsh",2026-02-16,07:00,09:00,400,"Drone Footage",120,5
2418,77,"Simone Walton",2026-02-17,07:00,11:00,500,"Short Form Video",240,9
2419,77,"Mattie Johnson",2026-02-18,07:00,09:00,400,"Drone Footage",120,6
2420,77,"Katie Alvarez",2026-02-19,07:00,13:00,1200,"Commercial Shoot",360,9
2421,77,"Jeanie Hansen",2026-02-20,07:00,13:00,1200,"Commercial Shoot",360,5
2422,77,"Clarice Harmon",2026-02-21,07:00,13:00,1200,"Commercial Shoot",360,6
2423,77,"Della Frazier",2026-02-22,07:00,19:00,2200,"Wedding Video",720,9
2424,77,"Suzan Barton",2026-02-23,07:00,11:00,500,"Short Form Video",240,5
2425,77,"Sallie Wood",2026-02-23,12:17,14:17,400,"Drone Footage",120,5
2426,77,"Penny Weiss",2026-02-24,07:00,13:00,1200,"Commercial Shoot",360,5
2427,77,"Darlene Brown",2026-02-25,07:00,09:00,400,"Drone Footage",120,9
2428,77,"Robin Perkins",2026-02-25,10:19,14:19,500,"Short Form Video",240,7
2429,77,"Concepcion Tyler",2026-02-26,07:00,19:00,2200,"Wedding Video",720,7
2430,77,"Lavada Terrell",2026-02-27,07:00,09:00,400,"Drone Footage",120,5
2431,77,"Iona Higgins",2026-02-28,07:00,11:00,500,"Short Form Video",240,5
2432,77,"Grant Carroll",2026-02-28,12:29,18:29,1200,"Commercial Shoot",360,7
2433,77,"Tierra Gross",2026-03-01,07:00,19:00,2200,"Wedding Video",720,7
2434,77,"Ines Pierce",2026-03-02,07:00,19:00,2200,"Wedding Video",720,5
2435,77,"Dale Klein",2026-03-03,07:00,13:00,1200,"Commercial Shoot",360,5
2436,77,"Matilda Hunt",2026-03-03,14:03,18:03,500,"Short Form Video",240,7
2437,78,"Lorri O'Brien",2026-02-06,07:00,11:00,500,"Short Form Video",240,9
2438,78,"Lovie Carlson",2026-02-06,12:08,16:08,500,"Short Form Video",240,9
2439,78,"Lauri Chavez",2026-02-12,07:00,09:00,400,"Drone Footage",120,9
2440,78,"Ardella Bryant",2026-02-15,07:00,11:00,500,"Short Form Video",240,5
2441,78,"Sherri Kelly",2026-02-15,12:28,14:28,400,"Drone Footage",120,9
2442,78,"Devona Sanders",2026-02-16,07:00,13:00,1200,"Commercial Shoot",360,5
2443,78,"Georgia Green",2026-02-17,07:00,19:00,2200,"Wedding Video",720,5
2444,78,"Katie James",2026-02-18,07:00,11:00,500,"Short Form Video",240,6
2445,78,"Salvador Lopez",2026-02-19,07:00,09:00,400,"Drone Footage",120,6
2446,78,"Della Dunn",2026-02-19,09:49,15:49,1200,"Commercial Shoot",360,5
2447,78,"Kasey Padilla",2026-02-20,07:00,11:00,500,"Short Form Video",240,8
2448,78,"Jasper Stark",2026-02-21,07:00,11:00,500,"Short Form Video",240,7
2449,78,"Otha Green",2026-02-22,07:00,11:00,500,"Short Form Video",240,5
2450,78,"Maybelle Pollard",2026-02-23,07:00,09:00,400,"Drone Footage",120,7
2451,78,"Eleanor Simpson",2026-02-23,10:17,14:17,500,"Short Form Video",240,8
2452,78,"Evelina Russell",2026-02-24,07:00,11:00,500,"Short Form Video",240,6
2453,78,"Fran Ramirez",2026-02-24,12:06,18:06,1200,"Commercial Shoot",360,5
2454,78,"Deana Lewis",2026-02-25,07:00,11:00,500,"Short Form Video",240,5
2455,79,"Corey Peterson",2026-02-01,07:00,09:00,300,"Portfolio Shoot",120,9
2456,79,"Effie Gonzalez",2026-02-01,09:57,12:57,600,"Commercial Modeling",180,9
2457,79,"Kathryn Morales",2026-02-01,13:59,15:59,300,"Portfolio Shoot",120,9
2458,79,"Icie McBride",2026-02-04,07:00,11:00,800,"Fashion Show",240,9
2459,79,"Florine Salazar",2026-02-04,11:45,14:45,600,"Commercial Modeling",180,9
2460,79,"Donna Pate",2026-02-04,15:44,17:44,400,"Product Modeling",120,9
2461,79,"Georgette Chavez",2026-02-07,07:00,11:00,800,"Fashion Show",240,9
2462,79,"Oda Stanley",2026-02-07,12:15,14:15,400,"Product Modeling",120,9
2463,79,"Jean Nash",2026-02-07,15:09,17:09,300,"Portfolio Shoot",120,9
2464,79,"Lilly Ritter",2026-02-09,07:00,09:00,400,"Product Modeling",120,9
2465,79,"Kathie Gonzales",2026-02-09,10:04,12:04,300,"Portfolio Shoot",120,9
2466,79,"Mercedes Livingston",2026-02-09,12:55,14:55,400,"Product Modeling",120,9
2467,79,"Harlan Vaughn",2026-02-09,15:49,17:49,300,"Portfolio Shoot",120,9
2468,79,"Jettie Simpson",2026-02-12,07:00,10:00,600,"Commercial Modeling",180,9
2469,79,"Roma Hansen",2026-02-12,11:09,13:09,300,"Portfolio Shoot",120,9
2470,79,"Jasper Duran",2026-02-12,13:57,15:57,300,"Portfolio Shoot",120,9
2471,79,"Grady Valdez",2026-02-15,07:00,09:00,400,"Product Modeling",120,8
2472,79,"Hattie Oneill",2026-02-15,10:28,14:28,800,"Fashion Show",240,5
2473,79,"Gladys Hart",2026-02-15,15:19,17:19,400,"Product Modeling",120,5
2474,79,"Samantha Hudson",2026-02-16,07:00,09:00,400,"Product Modeling",120,5
2475,79,"Stacia Glover",2026-02-16,10:19,13:19,600,"Commercial Modeling",180,7
2476,79,"Wendell Baker",2026-02-16,14:20,18:20,800,"Fashion Show",240,5
2477,79,"Rebecca Valdez",2026-02-17,07:00,09:00,300,"Portfolio Shoot",120,7
2478,79,"Cathleen Rivera",2026-02-17,10:14,12:14,300,"Portfolio Shoot",120,5
2479,79,"Danica Matthews",2026-02-17,13:29,16:29,600,"Commercial Modeling",180,5
2480,79,"Claudine York",2026-02-18,07:00,11:00,800,"Fashion Show",240,8
2481,79,"Jennifer Spencer",2026-02-18,12:26,15:26,600,"Commercial Modeling",180,9
2482,79,"Rudy Warren",2026-02-18,16:50,18:50,300,"Portfolio Shoot",120,9
2483,79,"Susana Finley",2026-02-19,07:00,09:00,300,"Portfolio Shoot",120,9
2484,79,"Tarsha Larsen",2026-02-19,10:16,14:16,800,"Fashion Show",240,7
2485,79,"Tarsha Wheeler",2026-02-19,15:32,18:32,600,"Commercial Modeling",180,5
2486,79,"Una English",2026-02-20,07:00,09:00,300,"Portfolio Shoot",120,7
2487,79,"Jada Oliver",2026-02-20,10:07,13:07,600,"Commercial Modeling",180,5
2488,79,"Marinda Oneill",2026-02-20,14:22,17:22,600,"Commercial Modeling",180,5
2489,79,"Heather Conner",2026-02-21,07:00,10:00,600,"Commercial Modeling",180,8
2490,79,"Dale Klein",2026-02-21,10:58,13:58,600,"Commercial Modeling",180,5
2491,79,"Bonnie Powell",2026-02-21,15:12,17:12,300,"Portfolio Shoot",120,7
2492,79,"Eliza Patrick",2026-02-22,07:00,09:00,400,"Product Modeling",120,5
2493,79,"Kara West",2026-02-22,09:52,13:52,800,"Fashion Show",240,9
2494,79,"Maximiliano Sanders",2026-02-22,15:01,18:01,600,"Commercial Modeling",180,5
2495,79,"Marilyn May",2026-02-23,07:00,09:00,400,"Product Modeling",120,5
2496,79,"Emily O'Brien",2026-02-23,09:54,12:54,600,"Commercial Modeling",180,5
2497,79,"Carla Jensen",2026-02-23,13:46,17:46,800,"Fashion Show",240,6
2498,79,"Tonia Kim",2026-02-24,07:00,09:00,400,"Product Modeling",120,9
2499,79,"Leticia Barton",2026-02-24,09:47,13:47,800,"Fashion Show",240,5
2500,79,"Dian Morgan",2026-02-24,14:34,16:34,400,"Product Modeling",120,5
2501,80,"Lise Walsh",2026-02-08,07:00,11:00,800,"Fashion Show",240,9
2502,80,"Goldie Ramos",2026-02-08,11:47,13:47,300,"Portfolio Shoot",120,9
2503,80,"Gail McDaniel",2026-02-08,15:11,17:11,400,"Product Modeling",120,9
2504,80,"Adrian Morgan",2026-02-10,07:00,09:00,400,"Product Modeling",120,9
2505,80,"Isidro Klein",2026-02-10,10:11,14:11,800,"Fashion Show",240,9
2506,80,"Earline Vaughn",2026-02-10,15:01,17:01,400,"Product Modeling",120,9
2507,80,"Jenna Gray",2026-02-11,07:00,11:00,800,"Fashion Show",240,9
2508,80,"Alyce Morrison",2026-02-11,11:55,15:55,800,"Fashion Show",240,9
2509,80,"Shanna Mendoza",2026-02-12,07:00,10:00,600,"Commercial Modeling",180,9
2510,80,"Isabelle Martin",2026-02-12,11:29,13:29,300,"Portfolio Shoot",120,9
2511,80,"Ladonna Watts",2026-02-12,14:48,18:48,800,"Fashion Show",240,9
2512,80,"Yasmin Bailey",2026-02-15,07:00,11:00,800,"Fashion Show",240,9
2513,80,"Rosina Buchanan",2026-02-15,12:17,15:17,600,"Commercial Modeling",180,6
2514,80,"Meta Ramirez",2026-02-16,07:00,11:00,800,"Fashion Show",240,5
2515,80,"Dewayne Stephens",2026-02-16,11:46,13:46,400,"Product Modeling",120,8
2516,80,"Lashanda Bell",2026-02-16,14:39,16:39,400,"Product Modeling",120,5
2517,80,"Edwina Flores",2026-02-17,07:00,10:00,600,"Commercial Modeling",180,7
2518,80,"Dylan Peterson",2026-02-17,11:03,14:03,600,"Commercial Modeling",180,5
2519,80,"Brady Singleton",2026-02-18,07:00,10:00,600,"Commercial Modeling",180,6
2520,80,"Alton Dawson",2026-02-18,11:14,13:14,400,"Product Modeling",120,5
2521,80,"Kathrine Gomez",2026-02-18,14:22,16:22,400,"Product Modeling",120,5
2522,80,"Lacie McGuire",2026-02-19,07:00,09:00,300,"Portfolio Shoot",120,7
2523,80,"Audie Snyder",2026-02-19,09:54,11:54,300,"Portfolio Shoot",120,5
2524,80,"Hollie Rose",2026-02-19,12:59,16:59,800,"Fashion Show",240,7
2525,80,"Irma Marshall",2026-02-20,07:00,11:00,800,"Fashion Show",240,9
2526,80,"Jenifer Leach",2026-02-20,12:22,14:22,400,"Product Modeling",120,5
2527,80,"Thalia Diaz",2026-02-20,15:13,17:13,300,"Portfolio Shoot",120,9
2528,80,"Jillian Burns",2026-02-21,07:00,11:00,800,"Fashion Show",240,5
2529,80,"Janie Palmer",2026-02-21,12:12,14:12,400,"Product Modeling",120,5
2530,80,"Isabelle Higgins",2026-02-21,15:14,18:14,600,"Commercial Modeling",180,5
2531,80,"Shelley Maxwell",2026-02-22,07:00,09:00,400,"Product Modeling",120,5
2532,80,"Gage Perry",2026-02-22,09:59,11:59,300,"Portfolio Shoot",120,8
2533,80,"Concepcion Burns",2026-02-22,13:28,17:28,800,"Fashion Show",240,8
2534,80,"Judith Wheeler",2026-02-23,07:00,09:00,400,"Product Modeling",120,5
2535,80,"Melinda Martin",2026-02-23,10:30,13:30,600,"Commercial Modeling",180,6
2536,80,"Fran Oliver",2026-02-23,14:18,17:18,600,"Commercial Modeling",180,7
2537,81,"Ethel Gonzalez",2026-02-02,07:00,09:00,300,"Portfolio Shoot",120,9
2538,81,"Rachel Rose",2026-02-02,10:22,14:22,800,"Fashion Show",240,9
2539,81,"Meg Nelson",2026-02-02,15:24,18:24,600,"Commercial Modeling",180,9
2540,81,"Alyssa Wells",2026-02-03,07:00,09:00,300,"Portfolio Shoot",120,9
2541,81,"Marquita Reeves",2026-02-03,09:49,11:49,300,"Portfolio Shoot",120,9
2542,81,"Drew Finley",2026-02-03,13:18,15:18,400,"Product Modeling",120,9
2543,81,"Clarice Davis",2026-02-08,07:00,09:00,400,"Product Modeling",120,9
2544,81,"Vonda Larsen",2026-02-08,09:56,11:56,300,"Portfolio Shoot",120,9
2545,81,"Lane Fowler",2026-02-08,12:47,14:47,300,"Portfolio Shoot",120,9
2546,81,"Zena Hess",2026-02-13,07:00,09:00,400,"Product Modeling",120,9
2547,81,"Alverta Bennett",2026-02-13,09:53,11:53,300,"Portfolio Shoot",120,9
2548,81,"Octavio Jones",2026-02-13,13:09,17:09,800,"Fashion Show",240,9
2549,81,"Sonja Graham",2026-02-14,07:00,09:00,300,"Portfolio Shoot",120,9
2550,81,"Shari Morrison",2026-02-14,10:27,14:27,800,"Fashion Show",240,9
2551,81,"Kerrie Reyes",2026-02-14,15:40,17:40,400,"Product Modeling",120,9
2552,81,"Elodia Rivera",2026-02-15,07:00,09:00,300,"Portfolio Shoot",120,5
2553,81,"Emery Gray",2026-02-15,09:52,13:52,800,"Fashion Show",240,5
2554,81,"Zola Pollard",2026-02-16,07:00,09:00,400,"Product Modeling",120,7
2555,81,"Judy Anderson",2026-02-16,10:07,14:07,800,"Fashion Show",240,9
2556,81,"Mabel Randolph",2026-02-16,15:13,18:13,600,"Commercial Modeling",180,6
2557,81,"Misty Fleming",2026-02-17,07:00,09:00,300,"Portfolio Shoot",120,6
2558,81,"Ardath Freeman",2026-02-17,10:16,12:16,400,"Product Modeling",120,5
2559,81,"Karyn Valencia",2026-02-17,13:18,15:18,300,"Portfolio Shoot",120,6
2560,81,"Maribel Levy",2026-02-17,16:04,18:04,400,"Product Modeling",120,5
2561,81,"Seth Carlson",2026-02-18,07:00,09:00,300,"Portfolio Shoot",120,5
2562,81,"Amalia Stark",2026-02-18,09:53,11:53,400,"Product Modeling",120,7
2563,81,"Lulu McDaniel",2026-02-18,13:13,15:13,300,"Portfolio Shoot",120,5
2564,81,"Paisley Miles",2026-02-19,07:00,11:00,800,"Fashion Show",240,5
2565,81,"Evette Weaver",2026-02-19,11:52,15:52,800,"Fashion Show",240,5
2566,81,"Leonie Oneal",2026-02-20,07:00,11:00,800,"Fashion Show",240,8
2567,81,"Estelle Gardner",2026-02-20,12:06,14:06,400,"Product Modeling",120,7
2568,81,"Trina Rush",2026-02-21,07:00,10:00,600,"Commercial Modeling",180,5
2569,81,"Alexandria Chavez",2026-02-21,11:30,14:30,600,"Commercial Modeling",180,5
2570,81,"Marina Combs",2026-02-21,15:45,18:45,600,"Commercial Modeling",180,5
2571,81,"Lona Guerrero",2026-02-22,07:00,11:00,800,"Fashion Show",240,5
2572,81,"Jeanette White",2026-02-22,12:30,15:30,600,"Commercial Modeling",180,6
2573,81,"Rosia Peck",2026-02-22,16:34,18:34,300,"Portfolio Shoot",120,8
2574,81,"Lauri Chavez",2026-02-23,07:00,11:00,800,"Fashion Show",240,5
2575,81,"Tania Hansen",2026-02-23,12:25,14:25,300,"Portfolio Shoot",120,5
2576,81,"Kristen Daniels",2026-02-23,15:50,17:50,300,"Portfolio Shoot",120,7
2577,81,"Deidra Alvarez",2026-02-24,07:00,10:00,600,"Commercial Modeling",180,5
2578,81,"Katlyn Trujillo",2026-02-24,11:15,15:15,800,"Fashion Show",240,5
2579,81,"Lyla Knapp",2026-02-25,07:00,11:00,800,"Fashion Show",240,5
2580,81,"Michelle Sanders",2026-02-25,12:13,16:13,800,"Fashion Show",240,5
2581,81,"Leatha Kim",2026-02-26,07:00,10:00,600,"Commercial Modeling",180,8
2582,81,"Maria Ingram",2026-02-26,11:22,13:22,300,"Portfolio Shoot",120,5
2583,81,"Janessa Fuller",2026-02-26,14:46,16:46,300,"Portfolio Shoot",120,6
2584,81,"Yadira Peck",2026-02-27,07:00,09:00,400,"Product Modeling",120,5
2585,81,"Preston Bailey",2026-02-27,09:52,13:52,800,"Fashion Show",240,5
2586,81,"Leanna Johnson",2026-02-27,15:17,17:17,400,"Product Modeling",120,9
2587,81,"Denise Thornton",2026-02-28,07:00,10:00,600,"Commercial Modeling",180,5
2588,81,"Moira Graham",2026-02-28,11:07,15:07,800,"Fashion Show",240,5
2589,81,"Ronna Randolph",2026-02-28,16:01,18:01,400,"Product Modeling",120,6
2590,81,"Lina Evans",2026-03-01,07:00,10:00,600,"Commercial Modeling",180,6
2591,81,"Shelby Morgan",2026-03-01,11:01,13:01,300,"Portfolio Shoot",120,5
2592,81,"Darrel Walker",2026-03-01,14:27,16:27,400,"Product Modeling",120,5
2593,81,"Yadira Jordan",2026-03-02,07:00,09:00,300,"Portfolio Shoot",120,5
2594,81,"Bettina Ortiz",2026-03-02,10:08,14:08,800,"Fashion Show",240,5
2595,81,"Mae Kirk",2026-03-02,14:54,16:54,400,"Product Modeling",120,9
2596,81,"Elmira Munoz",2026-03-03,07:00,09:00,300,"Portfolio Shoot",120,6
2597,81,"Hester Weaver",2026-03-03,10:28,12:28,400,"Product Modeling",120,5
2598,81,"Pearl Alvarez",2026-03-03,13:49,15:49,300,"Portfolio Shoot",120,5
2599,81,"Niki Long",2026-03-04,07:00,10:00,600,"Commercial Modeling",180,5
2600,81,"Mikki Rose",2026-03-04,11:22,13:22,400,"Product Modeling",120,5
2601,81,"Theron Frank",2026-03-04,14:32,18:32,800,"Fashion Show",240,5
2602,81,"Antonette May",2026-03-05,07:00,11:00,800,"Fashion Show",240,5
2603,81,"Dale Parrish",2026-03-05,12:05,15:05,600,"Commercial Modeling",180,5
2604,81,"Gloria Burke",2026-03-05,15:51,18:51,600,"Commercial Modeling",180,5
2605,81,"Mira Little",2026-03-06,07:00,11:00,800,"Fashion Show",240,8
2606,81,"Bernardine Klein",2026-03-06,11:55,13:55,400,"Product Modeling",120,9
2607,81,"Demetria Snyder",2026-03-06,15:01,17:01,400,"Product Modeling",120,6
2608,81,"Shelby Collins",2026-03-07,07:00,09:00,400,"Product Modeling",120,8
2609,81,"Lucien Villarreal",2026-03-07,09:53,12:53,600,"Commercial Modeling",180,8
2610,81,"Patricia Stewart",2026-03-07,13:42,16:42,600,"Commercial Modeling",180,6
2611,82,"Kirsten McDaniel",2026-02-09,07:00,10:00,600,"Commercial Modeling",180,9
2612,82,"Tasha Mendoza",2026-02-09,10:52,13:52,600,"Commercial Modeling",180,9
2613,82,"Diamond Chavez",2026-02-09,15:12,17:12,400,"Product Modeling",120,9
2614,82,"Raina Cross",2026-02-13,07:00,11:00,800,"Fashion Show",240,9
2615,82,"Kesha Austin",2026-02-13,11:55,14:55,600,"Commercial Modeling",180,9
2616,82,"Pearlie Jackson",2026-02-15,07:00,09:00,400,"Product Modeling",120,5
2617,82,"Juliette Austin",2026-02-15,10:05,12:05,300,"Portfolio Shoot",120,5
2618,82,"Jimmy Peterson",2026-02-15,13:18,15:18,400,"Product Modeling",120,5
2619,82,"Zola Green",2026-02-16,07:00,11:00,800,"Fashion Show",240,6
2620,82,"Hector Reynolds",2026-02-16,12:24,16:24,800,"Fashion Show",240,5
2621,82,"Elena Williams",2026-02-17,07:00,10:00,600,"Commercial Modeling",180,6
2622,82,"Tanisha Short",2026-02-17,10:50,14:50,800,"Fashion Show",240,5
2623,82,"Katelynn Ward",2026-02-17,15:54,17:54,400,"Product Modeling",120,7
2624,82,"Ottilie Larson",2026-02-18,07:00,11:00,800,"Fashion Show",240,5
2625,82,"Blanca Payne",2026-02-18,12:29,16:29,800,"Fashion Show",240,5
2626,82,"Letitia Lawson",2026-02-19,07:00,09:00,300,"Portfolio Shoot",120,5
2627,82,"Thelma Cochran",2026-02-19,09:52,11:52,300,"Portfolio Shoot",120,6
2628,82,"Hattie Shaffer",2026-02-19,12:58,14:58,400,"Product Modeling",120,5
2629,82,"Aurore McGuire",2026-02-20,07:00,09:00,400,"Product Modeling",120,6
2630,82,"Alba Simmons",2026-02-20,10:21,13:21,600,"Commercial Modeling",180,5
2631,82,"Kira Kerr",2026-02-20,14:26,16:26,300,"Portfolio Shoot",120,8
2632,82,"Jasmine Bradley",2026-02-21,07:00,10:00,600,"Commercial Modeling",180,5
2633,82,"Alana Gordon",2026-02-21,10:50,12:50,400,"Product Modeling",120,8
2634,82,"Lavonne Simmons",2026-02-21,13:49,16:49,600,"Commercial Modeling",180,7
2635,82,"Ernestine Coleman",2026-02-22,07:00,09:00,300,"Portfolio Shoot",120,5
2636,82,"Hazel Jenkins",2026-02-22,09:52,11:52,400,"Product Modeling",120,6
2637,82,"Marinda Morgan",2026-02-22,12:57,14:57,300,"Portfolio Shoot",120,6
2638,82,"Albert Wilson",2026-02-23,07:00,10:00,600,"Commercial Modeling",180,5
2639,82,"Lily Romero",2026-02-23,11:05,14:05,600,"Commercial Modeling",180,5
2640,82,"Kenya Wheeler",2026-02-23,15:11,17:11,300,"Portfolio Shoot",120,5
2641,82,"Bettina Pate",2026-02-24,07:00,11:00,800,"Fashion Show",240,5
2642,82,"Whitney McBride",2026-02-24,11:54,13:54,400,"Product Modeling",120,5
2643,82,"Maegan Frazier",2026-02-24,15:22,18:22,600,"Commercial Modeling",180,8
2644,82,"Francisco Larson",2026-02-25,07:00,10:00,600,"Commercial Modeling",180,5
2645,82,"Jax Reynolds",2026-02-25,11:23,15:23,800,"Fashion Show",240,5
2646,82,"Miranda Perry",2026-02-26,07:00,09:00,300,"Portfolio Shoot",120,8
2647,82,"Thea Gomez",2026-02-26,10:25,12:25,300,"Portfolio Shoot",120,5
2648,82,"Rosina Sweeney",2026-02-26,13:43,17:43,800,"Fashion Show",240,5
2649,82,"Kaye Valencia",2026-02-27,07:00,11:00,800,"Fashion Show",240,7
2650,82,"Adolfo Watson",2026-02-27,12:09,14:09,300,"Portfolio Shoot",120,7
2651,82,"Zachary Sweeney",2026-02-27,15:04,17:04,400,"Product Modeling",120,8
2652,82,"Marlene Guzman",2026-02-28,07:00,09:00,400,"Product Modeling",120,9
2653,82,"Lisa Johnston",2026-02-28,10:13,14:13,800,"Fashion Show",240,7
2654,82,"Sallie Moore",2026-02-28,15:21,17:21,400,"Product Modeling",120,5
2655,83,"Kaitlin Bass",2026-02-04,07:00,11:00,800,"Fashion Show",240,9
2656,83,"Phyllis Torres",2026-02-04,12:09,14:09,300,"Portfolio Shoot",120,9
2657,83,"Octavio Jones",2026-02-04,15:28,17:28,400,"Product Modeling",120,9
2658,83,"Adalynn Hart",2026-02-14,07:00,09:00,400,"Product Modeling",120,9
2659,83,"Shanna Phelps",2026-02-14,09:53,12:53,600,"Commercial Modeling",180,9
2660,83,"Sylvester Mitchell",2026-02-14,13:54,15:54,400,"Product Modeling",120,9
2661,83,"Amanda Goodwin",2026-02-15,07:00,10:00,600,"Commercial Modeling",180,5
2662,83,"Estelle Glover",2026-02-15,10:59,12:59,400,"Product Modeling",120,6
2663,83,"Therese Hoffman",2026-02-15,14:10,18:10,800,"Fashion Show",240,5
2664,83,"Marylou Graham",2026-02-16,07:00,09:00,400,"Product Modeling",120,5
2665,83,"Rodolfo Proctor",2026-02-16,10:11,12:11,300,"Portfolio Shoot",120,5
2666,83,"Ira Barnes",2026-02-16,13:18,15:18,300,"Portfolio Shoot",120,5
2667,83,"Patricia Patterson",2026-02-17,07:00,09:00,300,"Portfolio Shoot",120,5
2668,83,"Lindsey Sanchez",2026-02-17,09:54,13:54,800,"Fashion Show",240,9
2669,83,"Cruz Moore",2026-02-18,07:00,09:00,300,"Portfolio Shoot",120,5
2670,83,"Ardath Freeman",2026-02-18,09:45,11:45,400,"Product Modeling",120,5
2671,83,"Alison Wheeler",2026-02-18,12:41,16:41,800,"Fashion Show",240,6
2672,83,"Rudy Warren",2026-02-19,07:00,09:00,300,"Portfolio Shoot",120,9
2673,83,"Rena Taylor",2026-02-19,09:56,11:56,400,"Product Modeling",120,5
2674,83,"Arnita Williamson",2026-02-19,13:08,15:08,400,"Product Modeling",120,8
2675,83,"Virgie Lane",2026-02-19,16:12,18:12,400,"Product Modeling",120,9
2676,83,"Leah Montgomery",2026-02-20,07:00,11:00,800,"Fashion Show",240,5
2677,83,"Louella Walsh",2026-02-20,12:09,15:09,600,"Commercial Modeling",180,5
2678,83,"Palma Mullen",2026-02-20,15:57,17:57,400,"Product Modeling",120,7
2679,83,"Latisha Sanchez",2026-02-21,07:00,09:00,400,"Product Modeling",120,6
2680,83,"Earline Woods",2026-02-21,10:26,13:26,600,"Commercial Modeling",180,5
2681,83,"Sherrie Larson",2026-02-21,14:14,18:14,800,"Fashion Show",240,5
2682,83,"Desirae Cervantes",2026-02-22,07:00,11:00,800,"Fashion Show",240,5
2683,83,"Janna Moore",2026-02-22,12:21,14:21,300,"Portfolio Shoot",120,7
2684,83,"Modesta Hess",2026-02-22,15:47,17:47,400,"Product Modeling",120,5
2685,83,"Lucienne Holmes",2026-02-23,07:00,10:00,600,"Commercial Modeling",180,5
2686,83,"Katheryn Coleman",2026-02-23,10:52,12:52,400,"Product Modeling",120,9
2687,83,"Landon Berry",2026-02-23,13:49,15:49,300,"Portfolio Shoot",120,6
2688,83,"Katelynn Rivers",2026-02-23,16:42,18:42,300,"Portfolio Shoot",120,6
2689,83,"Luna Kerr",2026-02-24,07:00,10:00,600,"Commercial Modeling",180,9
2690,83,"Naomi Walsh",2026-02-24,10:50,13:50,600,"Commercial Modeling",180,8
2691,83,"Brandon Lambert",2026-02-24,14:43,18:43,800,"Fashion Show",240,9
2692,83,"Vina Randolph",2026-02-25,07:00,10:00,600,"Commercial Modeling",180,5
2693,83,"April Patterson",2026-02-25,11:16,13:16,300,"Portfolio Shoot",120,9
2694,83,"Monica Quinn",2026-02-25,14:20,16:20,300,"Portfolio Shoot",120,5
2695,84,"Barbara Pollard",2026-02-04,07:00,09:00,300,"Portfolio Shoot",120,9
2696,84,"Tawanna Stewart",2026-02-04,09:48,13:48,800,"Fashion Show",240,9
2697,84,"Courtney Barber",2026-02-04,14:57,16:57,400,"Product Modeling",120,9
2698,84,"Lourdes Walton",2026-02-08,07:00,09:00,400,"Product Modeling",120,9
2699,84,"Teagan Burke",2026-02-08,09:47,12:47,600,"Commercial Modeling",180,9
2700,84,"Willie Zimmerman",2026-02-08,14:10,17:10,600,"Commercial Modeling",180,9
2701,84,"Max Gardner",2026-02-10,07:00,09:00,300,"Portfolio Shoot",120,9
2702,84,"Minta Crane",2026-02-10,10:10,12:10,300,"Portfolio Shoot",120,9
2703,84,"Lela Trujillo",2026-02-10,13:14,15:14,300,"Portfolio Shoot",120,9
2704,84,"Erica Taylor",2026-02-15,07:00,11:00,800,"Fashion Show",240,7
2705,84,"Reagan Schroeder",2026-02-15,12:27,15:27,600,"Commercial Modeling",180,9
2706,84,"Karan Pierce",2026-02-16,07:00,11:00,800,"Fashion Show",240,6
2707,84,"Lacey Lewis",2026-02-16,11:55,14:55,600,"Commercial Modeling",180,5
2708,84,"Pansy Ritter",2026-02-17,07:00,09:00,400,"Product Modeling",120,5
2709,84,"Letha Wong",2026-02-17,10:05,12:05,300,"Portfolio Shoot",120,7
2710,84,"Leslie Gonzalez",2026-02-17,13:26,15:26,300,"Portfolio Shoot",120,8
2711,84,"Stacy Stout",2026-02-17,16:24,18:24,400,"Product Modeling",120,5
2712,84,"Ivory Villarreal",2026-02-18,07:00,09:00,300,"Portfolio Shoot",120,5
2713,84,"Marquita McLaughlin",2026-02-18,10:12,13:12,600,"Commercial Modeling",180,5
2714,84,"Leanne Phillips",2026-02-18,14:19,17:19,600,"Commercial Modeling",180,5
2715,84,"Sondra Simmons",2026-02-19,07:00,09:00,400,"Product Modeling",120,9
2716,84,"Rosella Barber",2026-02-19,10:07,12:07,300,"Portfolio Shoot",120,5
2717,84,"Ruth Ware",2026-02-19,13:20,15:20,400,"Product Modeling",120,5
2718,84,"Candace Paul",2026-02-20,07:00,09:00,300,"Portfolio Shoot",120,6
2719,84,"Lolita James",2026-02-20,09:53,13:53,800,"Fashion Show",240,5
2720,84,"Kelly Stone",2026-02-20,14:57,18:57,800,"Fashion Show",240,7
2721,84,"Shelia Kerr",2026-02-21,07:00,10:00,600,"Commercial Modeling",180,5
2722,84,"Katherine Patterson",2026-02-21,11:04,13:04,400,"Product Modeling",120,5
2723,84,"Georgann Gordon",2026-02-21,14:10,16:10,300,"Portfolio Shoot",120,8
2724,84,"Lala Miller",2026-02-22,07:00,09:00,400,"Product Modeling",120,8
2725,84,"Jena Lynch",2026-02-22,10:26,12:26,300,"Portfolio Shoot",120,9
2726,84,"Harrison Padilla",2026-02-22,13:20,15:20,400,"Product Modeling",120,8
2727,85,"Hannah Duke",2026-02-04,07:00,10:00,150,"Digital Art",180,9
2728,85,"Lonnie Harmon",2026-02-04,10:46,13:46,150,"Digital Art",180,9
2729,85,"Shelia Payne",2026-02-09,07:00,10:00,150,"Digital Art",180,9
2730,85,"Mathilda Baldwin",2026-02-12,07:00,10:00,150,"Digital Art",180,9
2731,85,"Trina Sanchez",2026-02-12,11:24,15:24,200,"Custom Illustration",240,9
2732,85,"Audrey Castillo",2026-02-16,07:00,10:00,150,"Digital Art",180,8
2733,85,"Latasha Odom",2026-02-17,07:00,17:00,350,"Portrait Commission",600,5
2734,85,"Jennifer Cross",2026-02-18,07:00,17:00,350,"Portrait Commission",600,6
2735,85,"Elsie Keller",2026-02-20,07:00,17:00,350,"Portrait Commission",600,8
2736,85,"Zora Summers",2026-02-21,07:00,10:00,150,"Digital Art",180,8
2737,85,"Hilary McBride",2026-02-23,07:00,11:00,200,"Custom Illustration",240,8
2738,85,"Rosalind Hanna",2026-02-23,12:16,16:16,200,"Custom Illustration",240,9
2739,85,"Dedra Poole",2026-02-24,07:00,10:00,150,"Digital Art",180,8
2740,85,"Lacey Lewis",2026-02-25,07:00,11:00,200,"Custom Illustration",240,7
2741,85,"Levi Hunt",2026-02-26,07:00,10:00,150,"Digital Art",180,8
2742,85,"Stella Kline",2026-02-26,11:09,14:09,150,"Digital Art",180,5
2743,86,"Xavier Odom",2026-02-07,07:00,11:00,200,"Custom Illustration",240,9
2744,86,"Kinsley Duke",2026-02-07,12:15,15:15,150,"Digital Art",180,9
2745,86,"Denisse Baker",2026-02-09,07:00,17:00,350,"Portrait Commission",600,9
2746,86,"Jolie Parks",2026-02-15,07:00,17:00,350,"Portrait Commission",600,7
2747,86,"Verda Valencia",2026-02-17,07:00,11:00,200,"Custom Illustration",240,9
2748,86,"Gail Hudson",2026-02-17,12:01,16:01,200,"Custom Illustration",240,7
2749,86,"Susann Keller",2026-02-18,07:00,17:00,350,"Portrait Commission",600,5
2750,86,"Virgie Sullivan",2026-02-19,07:00,11:00,200,"Custom Illustration",240,5
2751,86,"Neva Kirk",2026-02-20,07:00,11:00,200,"Custom Illustration",240,5
2752,86,"Joyce Cox",2026-02-20,11:48,14:48,150,"Digital Art",180,5
2753,86,"Violet Campbell",2026-02-21,07:00,11:00,200,"Custom Illustration",240,5
2754,86,"Dolly Wright",2026-02-21,12:02,16:02,200,"Custom Illustration",240,7
2755,86,"Melvina Sweeney",2026-02-23,07:00,17:00,350,"Portrait Commission",600,7
2756,87,"Roxie Pierce",2026-02-01,07:00,17:00,350,"Portrait Commission",600,9
2757,87,"Lucinda Valencia",2026-02-10,07:00,10:00,150,"Digital Art",180,9
2758,87,"Zena Hess",2026-02-14,07:00,17:00,350,"Portrait Commission",600,9
2759,87,"Leslie Gonzalez",2026-02-16,07:00,11:00,200,"Custom Illustration",240,9
2760,87,"Rikki Lloyd",2026-02-18,07:00,11:00,200,"Custom Illustration",240,8
2761,87,"Nichelle McDaniel",2026-02-19,07:00,11:00,200,"Custom Illustration",240,5
2762,87,"Lulu Anderson",2026-02-19,12:12,15:12,150,"Digital Art",180,7
2763,87,"Latonya Jordan",2026-02-20,07:00,10:00,150,"Digital Art",180,9
2764,87,"Delores Quintero",2026-02-20,10:53,13:53,150,"Digital Art",180,6
2765,87,"Florance Torres",2026-02-21,07:00,17:00,350,"Portrait Commission",600,6
2766,87,"Dian Alvarez",2026-02-22,07:00,17:00,350,"Portrait Commission",600,9
2767,87,"Ida Short",2026-02-23,07:00,11:00,200,"Custom Illustration",240,5
2768,87,"Maye Stone",2026-02-25,07:00,11:00,200,"Custom Illustration",240,5
2769,87,"Princess Barker",2026-02-25,11:58,15:58,200,"Custom Illustration",240,5
2770,87,"Kathrine Gonzales",2026-02-26,07:00,11:00,200,"Custom Illustration",240,5
2771,87,"Kelli Cannon",2026-02-27,07:00,10:00,150,"Digital Art",180,7
2772,87,"Roxane Hanson",2026-02-27,10:53,13:53,150,"Digital Art",180,5
2773,87,"Luella Gonzales",2026-02-28,07:00,10:00,150,"Digital Art",180,6
2774,87,"Gilda Roberts",2026-02-28,11:18,15:18,200,"Custom Illustration",240,7
2775,87,"Jacqueline Combs",2026-03-01,07:00,17:00,350,"Portrait Commission",600,6
2776,87,"Kyla Murray",2026-03-02,07:00,17:00,350,"Portrait Commission",600,7
2777,87,"Beula Livingston",2026-03-03,07:00,17:00,350,"Portrait Commission",600,5
2778,87,"Romaine Barton",2026-03-04,07:00,10:00,150,"Digital Art",180,5
2779,88,"Marinda Oneill",2026-02-02,07:00,10:00,150,"Digital Art",180,9
2780,88,"Lia Bishop",2026-02-07,07:00,17:00,350,"Portrait Commission",600,9
2781,88,"Roma Rasmussen",2026-02-08,07:00,17:00,350,"Portrait Commission",600,9
2782,88,"Patricia Stewart",2026-02-15,07:00,17:00,350,"Portrait Commission",600,6
2783,88,"Lulu Anderson",2026-02-16,07:00,10:00,150,"Digital Art",180,5
2784,88,"April Randolph",2026-02-16,11:26,14:26,150,"Digital Art",180,7
2785,88,"Nellie Padilla",2026-02-18,07:00,10:00,150,"Digital Art",180,9
2786,88,"Adriana Murray",2026-02-18,11:11,15:11,200,"Custom Illustration",240,9
2787,88,"Kacey English",2026-02-19,07:00,11:00,200,"Custom Illustration",240,7
2788,88,"Maryanne Melendez",2026-02-20,07:00,11:00,200,"Custom Illustration",240,9
2789,88,"Emilia Cook",2026-02-20,11:46,15:46,200,"Custom Illustration",240,5
2790,88,"Forrest Duncan",2026-02-21,07:00,11:00,200,"Custom Illustration",240,5
2791,88,"Dorene Monroe",2026-02-21,12:08,16:08,200,"Custom Illustration",240,5
2792,88,"Lindsay Levy",2026-02-22,07:00,10:00,150,"Digital Art",180,5
2793,88,"Latasha Todd",2026-02-23,07:00,10:00,150,"Digital Art",180,8
2794,88,"Gabriel Holland",2026-02-23,11:18,14:18,150,"Digital Art",180,6
2795,88,"Blake Wood",2026-02-24,07:00,10:00,150,"Digital Art",180,7
2796,88,"Tania Hansen",2026-02-24,11:14,15:14,200,"Custom Illustration",240,5
2797,88,"Bentley Fox",2026-02-25,07:00,11:00,200,"Custom Illustration",240,9
2798,88,"Tomas Hanna",2026-02-27,07:00,10:00,150,"Digital Art",180,9
2799,88,"Grace Reynolds",2026-02-27,11:11,14:11,150,"Digital Art",180,7
2800,88,"Eleanor Simpson",2026-02-28,07:00,17:00,350,"Portrait Commission",600,7
2801,88,"Angelia Hernandez",2026-03-01,07:00,11:00,200,"Custom Illustration",240,5
2802,88,"Amy Tate",2026-03-01,12:17,16:17,200,"Custom Illustration",240,6
2803,89,"Laura Patterson",2026-02-01,07:00,10:00,150,"Digital Art",180,9
2804,89,"Lona Guerrero",2026-02-11,07:00,10:00,150,"Digital Art",180,9
2805,89,"Pam Cochran",2026-02-12,07:00,11:00,200,"Custom Illustration",240,9
2806,89,"Tonia Benson",2026-02-14,07:00,17:00,350,"Portrait Commission",600,9
2807,90,"Krystal McIntyre",2026-02-08,07:00,11:00,200,"Custom Illustration",240,9
2808,90,"Rosa Larson",2026-02-08,11:56,14:56,150,"Digital Art",180,9
2809,90,"Mathilda McLaughlin",2026-02-11,07:00,17:00,350,"Portrait Commission",600,9
2810,90,"Kristie Stark",2026-02-15,07:00,17:00,350,"Portrait Commission",600,5
2811,90,"Pansy Chavez",2026-02-16,07:00,11:00,200,"Custom Illustration",240,8
2812,90,"Danika Watson",2026-02-17,07:00,17:00,350,"Portrait Commission",600,5
2813,90,"Dian Morgan",2026-02-18,07:00,17:00,350,"Portrait Commission",600,5
2814,90,"Dionne McClain",2026-02-19,07:00,17:00,350,"Portrait Commission",600,5
2815,90,"Reginald Barton",2026-02-20,07:00,17:00,350,"Portrait Commission",600,5
2816,90,"Sofia McClain",2026-02-21,07:00,11:00,200,"Custom Illustration",240,6
2817,90,"Brady Singleton",2026-02-22,07:00,17:00,350,"Portrait Commission",600,5
2818,90,"Lauren Perry",2026-02-23,07:00,10:00,150,"Digital Art",180,8
2819,90,"Kaye Valencia",2026-02-24,07:00,10:00,150,"Digital Art",180,9
2820,90,"Fabian Benson",2026-02-25,07:00,17:00,350,"Portrait Commission",600,5
2821,90,"Gayle Martin",2026-02-26,07:00,17:00,350,"Portrait Commission",600,5
2822,90,"Tilda Hull",2026-02-28,07:00,11:00,200,"Custom Illustration",240,9
2823,90,"Martina Mills",2026-03-01,07:00,11:00,200,"Custom Illustration",240,5
2824,90,"Tai Doyle",2026-03-01,12:11,16:11,200,"Custom Illustration",240,5
2825,90,"Josie Hunt",2026-03-02,07:00,10:00,150,"Digital Art",180,6
2826,90,"Janell Stewart",2026-03-02,11:17,15:17,200,"Custom Illustration",240,5
2827,90,"Rena Cruz",2026-03-03,07:00,10:00,150,"Digital Art",180,5
2828,90,"Fernando Holmes",2026-03-03,11:11,14:11,150,"Digital Art",180,9
2829,90,"Gabriela Larson",2026-03-05,07:00,10:00,150,"Digital Art",180,5
2830,90,"Priscilla Monroe",2026-03-05,11:26,15:26,200,"Custom Illustration",240,7
2831,90,"Joyce Baldwin",2026-03-06,07:00,10:00,150,"Digital Art",180,5
2832,91,"Rachel Collins",2026-02-03,07:00,17:00,350,"Portrait Commission",600,9
2833,91,"Kylee Vaughn",2026-02-13,07:00,10:00,150,"Digital Art",180,9
2834,91,"Wilma Hernandez",2026-02-13,11:07,15:07,200,"Custom Illustration",240,9
2835,91,"Betty Freeman",2026-02-14,07:00,10:00,150,"Digital Art",180,9
2836,91,"Pam Murphy",2026-02-14,10:58,13:58,150,"Digital Art",180,9
2837,91,"Pansy Baker",2026-02-16,07:00,10:00,150,"Digital Art",180,6
2838,91,"Bentley Fox",2026-02-17,07:00,11:00,200,"Custom Illustration",240,5
2839,91,"Mauricio Lindsay",2026-02-20,07:00,17:00,350,"Portrait Commission",600,9
2840,91,"Mae Butler",2026-02-21,07:00,10:00,150,"Digital Art",180,5
2841,91,"Nancie Carlson",2026-02-22,07:00,10:00,150,"Digital Art",180,6
2842,91,"Samantha Hudson",2026-02-22,11:27,14:27,150,"Digital Art",180,6
2843,91,"Fran Ward",2026-02-23,07:00,10:00,150,"Digital Art",180,5
2844,91,"Gracie Scott",2026-02-23,10:48,13:48,150,"Digital Art",180,5
2845,91,"Romona Yoder",2026-02-25,07:00,17:00,350,"Portrait Commission",600,5
2846,91,"Denise Thornton",2026-02-26,07:00,10:00,150,"Digital Art",180,6
2847,91,"Lizeth Romero",2026-02-26,11:05,14:05,150,"Digital Art",180,5
2848,91,"Maegan Padilla",2026-02-27,07:00,10:00,150,"Digital Art",180,9
2849,91,"Hope Cole",2026-02-27,11:21,14:21,150,"Digital Art",180,5
2850,91,"Arlie Gonzales",2026-02-27,15:29,18:29,150,"Digital Art",180,8
2851,91,"Monika Page",2026-02-28,07:00,17:00,350,"Portrait Commission",600,8
2852,91,"Diane Thomas",2026-03-01,07:00,11:00,200,"Custom Illustration",240,6
2853,91,"Louis Marshall",2026-03-03,07:00,11:00,200,"Custom Illustration",240,5
2854,92,"Esteban Hudson",2026-02-03,07:00,08:30,120,"Flyer Design",90,9
2855,92,"Meta Ritter",2026-02-08,07:00,10:00,250,"Social Media Pack",180,9
2856,92,"Latisha Ramirez",2026-02-09,07:00,15:00,400,"Logo Design",480,9
2857,92,"Melinda Martin",2026-02-09,15:55,18:55,250,"Social Media Pack",180,9
2858,92,"Rosa Larson",2026-02-10,07:00,10:00,250,"Social Media Pack",180,9
2859,92,"Wilfredo Matthews",2026-02-10,11:08,14:08,250,"Social Media Pack",180,9
2860,92,"Jayne Larsen",2026-02-10,15:38,17:08,120,"Flyer Design",90,9
2861,92,"Emma Kelly",2026-02-12,07:00,08:30,120,"Flyer Design",90,9
2862,92,"Otha Bailey",2026-02-12,09:25,17:25,400,"Logo Design",480,9
2863,92,"Angel James",2026-02-13,07:00,08:30,120,"Flyer Design",90,9
2864,92,"Kathrine Austin",2026-02-13,09:22,10:52,120,"Flyer Design",90,9
2865,92,"Thalia Larson",2026-02-15,07:00,15:00,400,"Logo Design",480,5
2866,92,"Dianna Montgomery",2026-02-15,16:17,17:47,120,"Flyer Design",90,9
2867,92,"Arnita Williamson",2026-02-16,07:00,15:00,400,"Logo Design",480,5
2868,92,"Dominique James",2026-02-17,07:00,08:30,120,"Flyer Design",90,9
2869,92,"Elvera Noble",2026-02-18,07:00,15:00,400,"Logo Design",480,8
2870,92,"Oda Stanley",2026-02-19,07:00,15:00,400,"Logo Design",480,6
2871,92,"Shannon Howell",2026-02-20,07:00,08:30,120,"Flyer Design",90,5
2872,92,"Kittie Ruiz",2026-02-21,07:00,08:30,120,"Flyer Design",90,5
2873,92,"Tisha Duke",2026-02-21,09:19,10:49,120,"Flyer Design",90,5
2874,92,"Delois Alvarez",2026-02-22,07:00,15:00,400,"Logo Design",480,9
2875,93,"Melinda Terrell",2026-02-03,07:00,08:30,120,"Flyer Design",90,9
2876,93,"Terresa Rose",2026-02-03,09:59,17:59,400,"Logo Design",480,9
2877,93,"Shannon Howell",2026-02-04,07:00,15:00,400,"Logo Design",480,9
2878,93,"Gerry Rose",2026-02-06,07:00,15:00,400,"Logo Design",480,9
2879,93,"Roxie Dodson",2026-02-09,07:00,19:00,800,"Brand Kit",720,9
2880,93,"Rosina Moore",2026-02-15,07:00,15:00,400,"Logo Design",480,6
2881,93,"Kara White",2026-02-16,07:00,08:30,120,"Flyer Design",90,6
2882,93,"Linda Romero",2026-02-16,09:43,11:13,120,"Flyer Design",90,5
2883,93,"Fae Ross",2026-02-17,07:00,08:30,120,"Flyer Design",90,5
2884,93,"Josie Hunt",2026-02-17,09:23,17:23,400,"Logo Design",480,5
2885,93,"Melodie Ware",2026-02-18,07:00,10:00,250,"Social Media Pack",180,6
2886,93,"Rosa Sullivan",2026-02-19,07:00,08:30,120,"Flyer Design",90,8
2887,93,"Jewell Ortiz",2026-02-19,09:29,10:59,120,"Flyer Design",90,5
2888,93,"Dana Hawkins",2026-02-20,07:00,10:00,250,"Social Media Pack",180,5
2889,93,"Dylan Payne",2026-02-20,11:21,14:21,250,"Social Media Pack",180,8
2890,93,"Devorah Robinson",2026-02-21,07:00,08:30,120,"Flyer Design",90,5
2891,93,"Griselda Baldwin",2026-02-21,09:22,17:22,400,"Logo Design",480,8
2892,93,"Elsa Leach",2026-02-22,07:00,10:00,250,"Social Media Pack",180,5
2893,94,"Annette Fletcher",2026-02-03,07:00,19:00,800,"Brand Kit",720,9
2894,94,"Rhea English",2026-02-04,07:00,10:00,250,"Social Media Pack",180,9
2895,94,"Lashonda Klein",2026-02-04,10:55,13:55,250,"Social Media Pack",180,9
2896,94,"Chelsea Noble",2026-02-07,07:00,08:30,120,"Flyer Design",90,9
2897,94,"Ivory Hunt",2026-02-07,09:27,10:57,120,"Flyer Design",90,9
2898,94,"Rosa Jackson",2026-02-07,12:07,13:37,120,"Flyer Design",90,9
2899,94,"Gay Lopez",2026-02-08,07:00,19:00,800,"Brand Kit",720,9
2900,94,"Oma Knapp",2026-02-13,07:00,19:00,800,"Brand Kit",720,9
2901,94,"Letha Williamson",2026-02-14,07:00,19:00,800,"Brand Kit",720,9
2902,94,"Leila English",2026-02-15,07:00,10:00,250,"Social Media Pack",180,5
2903,94,"Graciela Collins",2026-02-16,07:00,19:00,800,"Brand Kit",720,5
2904,95,"Adrian Kerr",2026-02-01,07:00,10:00,250,"Social Media Pack",180,9
2905,95,"Elvera Noble",2026-02-06,07:00,19:00,800,"Brand Kit",720,9
2906,95,"Tabatha Barnes",2026-02-09,07:00,19:00,800,"Brand Kit",720,9
2907,95,"Monika Barnes",2026-02-10,07:00,10:00,250,"Social Media Pack",180,9
2908,95,"Kerrie Carter",2026-02-10,11:06,12:36,120,"Flyer Design",90,9
2909,95,"Ashley Quinn",2026-02-10,14:02,15:32,120,"Flyer Design",90,9
2910,95,"Katherine Patterson",2026-02-11,07:00,19:00,800,"Brand Kit",720,9
2911,95,"Norma Lynch",2026-02-15,07:00,15:00,400,"Logo Design",480,7
2912,95,"Sheena Graham",2026-02-15,16:22,17:52,120,"Flyer Design",90,8
2913,95,"Joyce Harris",2026-02-16,07:00,08:30,120,"Flyer Design",90,8
2914,95,"Maryann Trevino",2026-02-17,07:00,19:00,800,"Brand Kit",720,5
2915,95,"Michelle Newman",2026-02-18,07:00,10:00,250,"Social Media Pack",180,5
2916,95,"Vilma Hall",2026-02-18,11:19,14:19,250,"Social Media Pack",180,5
2917,95,"Roseanne Turner",2026-02-18,15:21,18:21,250,"Social Media Pack",180,5
2918,95,"Hazel Larson",2026-02-19,07:00,19:00,800,"Brand Kit",720,5
2919,95,"Martha Sullivan",2026-02-20,07:00,19:00,800,"Brand Kit",720,5
2920,95,"Bernardo Diaz",2026-02-21,07:00,08:30,120,"Flyer Design",90,5
2921,95,"Lynnette Harper",2026-02-21,09:26,10:56,120,"Flyer Design",90,5
2922,95,"Dina Thomas",2026-02-21,12:12,13:42,120,"Flyer Design",90,5
2923,95,"Flora Thomas",2026-02-22,07:00,08:30,120,"Flyer Design",90,5
2924,95,"Oralia Rose",2026-02-22,09:39,17:39,400,"Logo Design",480,5
2925,95,"Kesha Hill",2026-02-23,07:00,08:30,120,"Flyer Design",90,5
2926,95,"Krista Harmon",2026-02-24,07:00,08:30,120,"Flyer Design",90,6
2927,95,"Octavio Jones",2026-02-25,07:00,08:30,120,"Flyer Design",90,5
2928,95,"Melody Chavez",2026-02-25,09:33,11:03,120,"Flyer Design",90,7
2929,95,"Victoria Guerrero",2026-02-25,11:49,14:49,250,"Social Media Pack",180,5
2930,95,"Mathilda Carroll",2026-02-26,07:00,10:00,250,"Social Media Pack",180,5
2931,95,"Riley Bass",2026-02-26,11:08,14:08,250,"Social Media Pack",180,7
2932,95,"Paige Ramirez",2026-02-27,07:00,10:00,250,"Social Media Pack",180,7
2933,95,"Christie Oneal",2026-02-27,11:27,12:57,120,"Flyer Design",90,5
2934,95,"Daniele Trujillo",2026-02-27,14:27,17:27,250,"Social Media Pack",180,8
2935,95,"Jazmin Stanley",2026-02-28,07:00,19:00,800,"Brand Kit",720,5
2936,95,"Rubye Campbell",2026-03-01,07:00,15:00,400,"Logo Design",480,5
2937,95,"Nelly Larson",2026-03-02,07:00,10:00,250,"Social Media Pack",180,5
2938,95,"Sonja Todd",2026-03-03,07:00,15:00,400,"Logo Design",480,9
2939,95,"Ardella Duncan",2026-03-04,07:00,08:30,120,"Flyer Design",90,5
2940,95,"Paige Hull",2026-03-04,09:18,12:18,250,"Social Media Pack",180,5
2941,95,"Lindsay Hanson",2026-03-05,07:00,15:00,400,"Logo Design",480,5
2942,95,"Zena Fry",2026-03-06,07:00,19:00,800,"Brand Kit",720,5
2943,95,"Louann Matthews",2026-03-07,07:00,19:00,800,"Brand Kit",720,5
2944,96,"Fabiola Finley",2026-02-03,07:00,15:00,400,"Logo Design",480,9
2945,96,"Janell Harmon",2026-02-10,07:00,19:00,800,"Brand Kit",720,9
2946,96,"Natalie Wong",2026-02-15,07:00,10:00,250,"Social Media Pack",180,8
2947,96,"Joshua McBride",2026-02-15,11:03,12:33,120,"Flyer Design",90,5
2948,96,"Mandy Lawson",2026-02-15,13:28,16:28,250,"Social Media Pack",180,7
2949,96,"Lilly Martin",2026-02-16,07:00,10:00,250,"Social Media Pack",180,8
2950,96,"Lacy Bryant",2026-02-16,10:47,18:47,400,"Logo Design",480,5
2951,96,"Lavada Hoffman",2026-02-17,07:00,15:00,400,"Logo Design",480,5
2952,96,"Braden Livingston",2026-02-17,16:08,17:38,120,"Flyer Design",90,5
2953,96,"Mason Thompson",2026-02-18,07:00,08:30,120,"Flyer Design",90,5
2954,96,"Lina Gardner",2026-02-19,07:00,15:00,400,"Logo Design",480,5
2955,96,"Ilene Payne",2026-02-20,07:00,19:00,800,"Brand Kit",720,5
2956,96,"Loretta Freeman",2026-02-21,07:00,10:00,250,"Social Media Pack",180,5
2957,96,"Zoe Perry",2026-02-21,11:03,12:33,120,"Flyer Design",90,5
2958,96,"Kathy Orr",2026-02-22,07:00,19:00,800,"Brand Kit",720,5
2959,96,"Tawana Cannon",2026-02-23,07:00,19:00,800,"Brand Kit",720,5
2960,97,"Cooper Edwards",2026-02-07,07:00,10:00,250,"Social Media Pack",180,9
2961,97,"Belva Santiago",2026-02-08,07:00,10:00,250,"Social Media Pack",180,9
2962,97,"Sylvester Mitchell",2026-02-15,07:00,19:00,800,"Brand Kit",720,5
2963,97,"Tasha Walton",2026-02-16,07:00,08:30,120,"Flyer Design",90,5
2964,97,"Magdalena Clark",2026-02-17,07:00,15:00,400,"Logo Design",480,5
2965,97,"Domenica Levy",2026-02-17,16:25,17:55,120,"Flyer Design",90,5
2966,97,"Cruz Baldwin",2026-02-18,07:00,15:00,400,"Logo Design",480,6
2967,97,"Wesley Weaver",2026-02-19,07:00,08:30,120,"Flyer Design",90,5
2968,97,"Louella Walsh",2026-02-19,09:59,11:29,120,"Flyer Design",90,5
2969,97,"Stella Marshall",2026-02-20,07:00,08:30,120,"Flyer Design",90,8
2970,97,"Juliana Noble",2026-02-21,07:00,19:00,800,"Brand Kit",720,5
2971,97,"Isabella Pollard",2026-02-22,07:00,15:00,400,"Logo Design",480,9
2972,97,"Rhea English",2026-02-23,07:00,19:00,800,"Brand Kit",720,7
2973,97,"Audra Quinn",2026-02-24,07:00,19:00,800,"Brand Kit",720,5
2974,97,"Kennedy Lopez",2026-02-25,07:00,08:30,120,"Flyer Design",90,5
2975,97,"Santos Allen",2026-02-25,09:48,17:48,400,"Logo Design",480,5
2976,97,"Sherri Bass",2026-02-26,07:00,10:00,250,"Social Media Pack",180,7
2977,97,"Otilia Graham",2026-02-26,10:45,18:45,400,"Logo Design",480,6
2978,97,"Leslie Snow",2026-02-27,07:00,19:00,800,"Brand Kit",720,7
2979,97,"Elaina Duke",2026-02-28,07:00,08:30,120,"Flyer Design",90,9
2980,97,"Gabrielle Torres",2026-02-28,09:42,12:42,250,"Social Media Pack",180,5
2981,97,"Alvina Singleton",2026-03-01,07:00,10:00,250,"Social Media Pack",180,7
2982,97,"Diamond Chavez",2026-03-01,10:58,13:58,250,"Social Media Pack",180,6
2983,97,"Maribeth Williamson",2026-03-01,14:43,17:43,250,"Social Media Pack",180,7
2984,97,"Imogene Campbell",2026-03-02,07:00,10:00,250,"Social Media Pack",180,5
2985,97,"Sofia Pierce",2026-03-02,11:07,14:07,250,"Social Media Pack",180,9
2986,97,"Quinn Stevens",2026-03-02,15:29,18:29,250,"Social Media Pack",180,6
2987,97,"Dorathy Kennedy",2026-03-03,07:00,19:00,800,"Brand Kit",720,5
2988,97,"Nancie Green",2026-03-04,07:00,19:00,800,"Brand Kit",720,5
2989,97,"Lilla Odom",2026-03-05,07:00,10:00,250,"Social Media Pack",180,9
2990,97,"Georgette Frazier",2026-03-05,11:23,14:23,250,"Social Media Pack",180,5
2991,97,"Sallie Marshall",2026-03-06,07:00,08:30,120,"Flyer Design",90,8
2992,97,"Samantha Hudson",2026-03-07,07:00,08:30,120,"Flyer Design",90,5
2993,97,"Louisa Hughes",2026-03-07,09:18,10:48,120,"Flyer Design",90,5
2994,97,"Latisha Gonzales",2026-03-07,11:48,13:18,120,"Flyer Design",90,5
2995,98,"Janie Newton",2026-02-03,07:00,15:00,400,"Logo Design",480,9
2996,98,"Gianna Foster",2026-02-06,07:00,08:30,120,"Flyer Design",90,9
2997,98,"Celestine Diaz",2026-02-07,07:00,15:00,400,"Logo Design",480,9
2998,98,"Suzann Higgins",2026-02-08,07:00,15:00,400,"Logo Design",480,9
2999,98,"Lorena Stuart",2026-02-08,16:12,17:42,120,"Flyer Design",90,9
3000,98,"Natasha Larson",2026-02-12,07:00,19:00,800,"Brand Kit",720,9
3001,98,"Alma Preston",2026-02-14,07:00,10:00,250,"Social Media Pack",180,9
3002,98,"Judy Anderson",2026-02-14,11:05,14:05,250,"Social Media Pack",180,9
3003,98,"Della Watson",2026-02-15,07:00,08:30,120,"Flyer Design",90,8
3004,98,"Otilia Clark",2026-02-15,09:33,11:03,120,"Flyer Design",90,5
3005,98,"Elna Combs",2026-02-16,07:00,08:30,120,"Flyer Design",90,7
3006,98,"Juliet McGuire",2026-02-16,09:58,12:58,250,"Social Media Pack",180,5
3007,98,"Jill Hernandez",2026-02-17,07:00,10:00,250,"Social Media Pack",180,5
3008,98,"Brynn Solis",2026-02-17,11:17,12:47,120,"Flyer Design",90,5
3009,98,"Corey Peterson",2026-02-17,13:52,16:52,250,"Social Media Pack",180,8
3010,98,"Katherine Cooper",2026-02-18,07:00,19:00,800,"Brand Kit",720,5
3011,98,"Shelby Fox",2026-02-19,07:00,19:00,800,"Brand Kit",720,8
3012,98,"Daryl Mendoza",2026-02-20,07:00,10:00,250,"Social Media Pack",180,7
3013,98,"Murray Terrell",2026-02-21,07:00,15:00,400,"Logo Design",480,5
3014,99,"Addison Lee",2026-02-06,07:00,08:00,60,"Math Tutoring",60,9
3015,99,"Thalia Jackson",2026-02-06,09:15,10:15,60,"Math Tutoring",60,9
3016,99,"Leila Daniels",2026-02-06,11:22,12:22,55,"Language Tutoring",60,9
3017,99,"Hayden Marshall",2026-02-07,07:00,08:00,60,"Math Tutoring",60,9
3018,99,"Zeta Guerrero",2026-02-07,09:24,10:24,60,"Math Tutoring",60,9
3019,99,"Lamar Cline",2026-02-14,07:00,08:00,55,"Language Tutoring",60,9
3020,99,"Dora Montgomery",2026-02-14,08:58,09:58,60,"Math Tutoring",60,9
3021,99,"Liana Cline",2026-02-14,11:11,12:11,60,"Math Tutoring",60,9
3022,99,"Tai Gutierrez",2026-02-14,13:23,14:23,60,"Math Tutoring",60,9
3023,99,"Sergio Fleming",2026-02-15,07:00,08:00,60,"Math Tutoring",60,5
3024,99,"Jacqueline McGuire",2026-02-15,08:45,09:45,55,"Language Tutoring",60,5
3025,99,"Gabriela Armstrong",2026-02-15,11:05,12:05,60,"Math Tutoring",60,7
3026,99,"Sandy Kirk",2026-02-15,13:10,14:10,55,"Language Tutoring",60,9
3027,99,"Clifford Logan",2026-02-16,07:00,08:00,60,"Math Tutoring",60,5
3028,99,"Dian Ford",2026-02-16,09:12,10:12,70,"Music Lesson",60,9
3029,99,"Odell Smith",2026-02-16,11:32,12:32,55,"Language Tutoring",60,6
3030,99,"Tabitha Villarreal",2026-02-16,13:17,14:17,70,"Music Lesson",60,5
3031,99,"Catherine Buchanan",2026-02-17,07:00,08:00,70,"Music Lesson",60,5
3032,99,"Eden Woods",2026-02-17,08:54,10:24,90,"Test Prep",90,7
3033,99,"Lolita Barnes",2026-02-18,07:00,08:00,70,"Music Lesson",60,5
3034,99,"Mitzi Logan",2026-02-18,09:06,10:06,60,"Math Tutoring",60,5
3035,99,"Monika Barnes",2026-02-18,11:27,12:27,55,"Language Tutoring",60,6
3036,99,"Felix Pierce",2026-02-19,07:00,08:00,60,"Math Tutoring",60,5
3037,99,"Jolie Parks",2026-02-19,09:17,10:17,70,"Music Lesson",60,7
3038,99,"Marilyn Hill",2026-02-19,11:42,12:42,60,"Math Tutoring",60,5
3039,99,"Maribeth Smith",2026-02-20,07:00,08:30,90,"Test Prep",90,6
3040,99,"Chelsea Noble",2026-02-20,09:51,10:51,55,"Language Tutoring",60,5
3041,99,"Maxine Griffin",2026-02-21,07:00,08:30,90,"Test Prep",90,5
3042,99,"Tonia Cooper",2026-02-21,09:32,10:32,70,"Music Lesson",60,8
3043,99,"Margarette Russell",2026-02-22,07:00,08:30,90,"Test Prep",90,8
3044,99,"Victor Graham",2026-02-22,10:00,11:00,55,"Language Tutoring",60,9
3045,99,"Fannie Snow",2026-02-22,12:16,13:46,90,"Test Prep",90,7
3046,99,"Ottilie Larson",2026-02-23,07:00,08:00,70,"Music Lesson",60,6
3047,99,"Lecia Perez",2026-02-23,09:15,10:15,55,"Language Tutoring",60,7
3048,99,"Jenifer Marks",2026-02-23,11:38,12:38,60,"Math Tutoring",60,7
3049,99,"Kerri Shepherd",2026-02-23,13:26,14:26,55,"Language Tutoring",60,5
3050,100,"Stella Romero",2026-02-11,07:00,08:00,60,"Math Tutoring",60,9
3051,100,"Anastasia Martin",2026-02-11,08:52,10:22,90,"Test Prep",90,9
3052,100,"Lala Barker",2026-02-11,11:31,12:31,60,"Math Tutoring",60,9
3053,100,"Stella Rogers",2026-02-14,07:00,08:00,70,"Music Lesson",60,9
3054,100,"Lorenzo Ritter",2026-02-14,09:02,10:02,60,"Math Tutoring",60,9
3055,100,"Hunter O'Brien",2026-02-14,10:54,11:54,60,"Math Tutoring",60,9
3056,100,"Lea Snyder",2026-02-15,07:00,08:00,60,"Math Tutoring",60,5
3057,100,"Lynn Roberts",2026-02-15,09:19,10:49,90,"Test Prep",90,6
3058,100,"Gloria Zimmerman",2026-02-15,11:46,12:46,70,"Music Lesson",60,5
3059,100,"Reginald Barton",2026-02-15,14:15,15:45,90,"Test Prep",90,5
3060,100,"Devora Palmer",2026-02-16,07:00,08:00,60,"Math Tutoring",60,5
3061,100,"Roseanne Ruiz",2026-02-16,08:51,09:51,60,"Math Tutoring",60,5
3062,100,"Max Goodwin",2026-02-16,10:42,12:12,90,"Test Prep",90,7
3063,100,"Denise Pierce",2026-02-17,07:00,08:00,60,"Math Tutoring",60,5
3064,100,"Makenzie Pate",2026-02-17,09:04,10:04,70,"Music Lesson",60,5
3065,100,"Goldie McBride",2026-02-17,11:23,12:23,55,"Language Tutoring",60,5
3066,100,"Ardith Dean",2026-02-18,07:00,08:30,90,"Test Prep",90,7
3067,100,"Livia Benson",2026-02-18,09:27,10:57,90,"Test Prep",90,8
3068,100,"Patty Brooks",2026-02-18,12:15,13:45,90,"Test Prep",90,5
3069,100,"Lucinda Franklin",2026-02-19,07:00,08:00,60,"Math Tutoring",60,5
3070,100,"Theo Odom",2026-02-19,08:54,10:24,90,"Test Prep",90,7
3071,100,"Kenya Fisher",2026-02-19,11:15,12:15,55,"Language Tutoring",60,8
3072,100,"Kylee Vaughn",2026-02-19,13:00,14:00,60,"Math Tutoring",60,5
3073,100,"Roberta Santiago",2026-02-20,07:00,08:00,55,"Language Tutoring",60,6
3074,100,"Adeline Lamb",2026-02-20,08:51,09:51,55,"Language Tutoring",60,8
3075,100,"Susana Sanders",2026-02-20,11:05,12:05,55,"Language Tutoring",60,5
3076,100,"Blanche Cline",2026-02-20,13:10,14:10,60,"Math Tutoring",60,5
3077,100,"Shelley Villarreal",2026-02-21,07:00,08:00,60,"Math Tutoring",60,8
3078,100,"Fairy Thornton",2026-02-21,09:20,10:20,55,"Language Tutoring",60,5
3079,100,"Dianna Montgomery",2026-02-21,11:05,12:05,70,"Music Lesson",60,5
3080,100,"Sabina Hall",2026-02-21,12:57,13:57,70,"Music Lesson",60,9
3081,100,"Hedwig Hanna",2026-02-22,07:00,08:00,55,"Language Tutoring",60,9
3082,100,"Georgeann Turner",2026-02-22,09:23,10:23,70,"Music Lesson",60,5
3083,100,"Domenica Levy",2026-02-22,11:34,12:34,55,"Language Tutoring",60,5
3084,100,"Tatiana Bell",2026-02-23,07:00,08:00,60,"Math Tutoring",60,5
3085,100,"Ariel Bailey",2026-02-23,09:28,10:28,60,"Math Tutoring",60,5
3086,100,"Ruthanne Murphy",2026-02-23,11:51,13:21,90,"Test Prep",90,8
3087,100,"Marina Martinez",2026-02-23,14:48,15:48,60,"Math Tutoring",60,5
3088,100,"Lincoln Flores",2026-02-24,07:00,08:00,70,"Music Lesson",60,5
3089,100,"Wade Fisher",2026-02-24,08:51,09:51,55,"Language Tutoring",60,5
3090,100,"Arlo Ortiz",2026-02-24,11:14,12:14,55,"Language Tutoring",60,5
3091,100,"Leatha Smith",2026-02-25,07:00,08:00,70,"Music Lesson",60,9
3092,100,"Leanna Gates",2026-02-25,09:25,10:25,55,"Language Tutoring",60,9
3093,100,"Bernadette Rivera",2026-02-25,11:14,12:14,55,"Language Tutoring",60,5
3094,100,"Oleta Carlson",2026-02-25,13:36,14:36,55,"Language Tutoring",60,5
3095,100,"Jessica Ellis",2026-02-26,07:00,08:00,55,"Language Tutoring",60,5
3096,100,"Courtney Barber",2026-02-26,09:08,10:08,60,"Math Tutoring",60,7
3097,100,"Arlie Gonzales",2026-02-26,11:28,12:58,90,"Test Prep",90,6
3098,100,"Leilani Allen",2026-02-27,07:00,08:00,70,"Music Lesson",60,6
3099,100,"Ardith Stevens",2026-02-27,09:28,10:58,90,"Test Prep",90,5
3100,100,"Cleo English",2026-02-27,11:57,13:27,90,"Test Prep",90,5
3101,101,"Etta Higgins",2026-02-01,07:00,08:00,55,"Language Tutoring",60,9
3102,101,"Gaye Bush",2026-02-01,08:52,09:52,60,"Math Tutoring",60,9
3103,101,"Beverly Sweeney",2026-02-01,11:04,12:34,90,"Test Prep",90,9
3104,101,"Brooke Wilson",2026-02-01,13:24,14:24,60,"Math Tutoring",60,9
3105,101,"Tabitha Holland",2026-02-01,15:20,16:20,60,"Math Tutoring",60,9
3106,101,"Margie Torres",2026-02-09,07:00,08:00,60,"Math Tutoring",60,9
3107,101,"Cruz Baldwin",2026-02-09,08:50,09:50,60,"Math Tutoring",60,9
3108,101,"Tracey Newton",2026-02-09,11:08,12:08,60,"Math Tutoring",60,9
3109,101,"Sandra Parks",2026-02-12,07:00,08:00,70,"Music Lesson",60,9
3110,101,"Naomi Ramirez",2026-02-12,08:51,09:51,55,"Language Tutoring",60,9
3111,101,"Sharron Brooks",2026-02-12,11:01,12:01,70,"Music Lesson",60,9
3112,101,"Victoria Gray",2026-02-12,13:03,14:03,70,"Music Lesson",60,9
3113,101,"Adrian Kerr",2026-02-13,07:00,08:00,70,"Music Lesson",60,9
3114,101,"Viola Foster",2026-02-13,08:57,09:57,55,"Language Tutoring",60,9
3115,101,"Griselda Wyatt",2026-02-13,11:25,12:25,55,"Language Tutoring",60,9
3116,101,"Thelma Cochran",2026-02-13,13:18,14:18,70,"Music Lesson",60,9
3117,101,"Chrystal Gonzales",2026-02-13,15:25,16:25,60,"Math Tutoring",60,9
3118,101,"Graham Stewart",2026-02-15,07:00,08:00,70,"Music Lesson",60,8
3119,101,"Lydia Webb",2026-02-15,09:24,10:24,55,"Language Tutoring",60,5
3120,101,"Minerva Terrell",2026-02-15,11:29,12:29,60,"Math Tutoring",60,5
3121,101,"Jazmin Stanley",2026-02-15,13:59,15:29,90,"Test Prep",90,5
3122,101,"Susan Ward",2026-02-15,16:46,17:46,55,"Language Tutoring",60,8
3123,101,"Lecia Rhodes",2026-02-16,07:00,08:00,70,"Music Lesson",60,5
3124,101,"Marvel Odonnell",2026-02-16,08:56,10:26,90,"Test Prep",90,5
3125,101,"Griselda Payne",2026-02-16,11:22,12:22,70,"Music Lesson",60,5
3126,101,"Adalynn Hart",2026-02-16,13:22,14:52,90,"Test Prep",90,5
3127,101,"Shena Paul",2026-02-16,15:58,16:58,60,"Math Tutoring",60,9
3128,101,"Devorah Lambert",2026-02-17,07:00,08:00,70,"Music Lesson",60,5
3129,101,"Zella Alexander",2026-02-17,08:46,09:46,60,"Math Tutoring",60,9
3130,101,"Casey Perry",2026-02-17,10:54,11:54,55,"Language Tutoring",60,5
3131,101,"Garrett Benson",2026-02-17,12:44,14:14,90,"Test Prep",90,5
3132,101,"Lesley Johnston",2026-02-17,15:34,16:34,70,"Music Lesson",60,5
3133,101,"Gertie Norris",2026-02-18,07:00,08:00,60,"Math Tutoring",60,5
3134,101,"Alonso Ortiz",2026-02-18,08:46,09:46,70,"Music Lesson",60,5
3135,101,"Lola Wade",2026-02-18,10:54,11:54,70,"Music Lesson",60,7
3136,101,"James Hunt",2026-02-18,12:58,13:58,60,"Math Tutoring",60,6
3137,101,"Catherine Wood",2026-02-18,14:49,15:49,55,"Language Tutoring",60,5
3138,101,"Michele Gates",2026-02-19,07:00,08:00,55,"Language Tutoring",60,9
3139,101,"Malinda Pierce",2026-02-19,09:14,10:44,90,"Test Prep",90,7
3140,101,"Jasper Wood",2026-02-19,11:52,12:52,60,"Math Tutoring",60,6
3141,101,"Bettina Ortiz",2026-02-20,07:00,08:00,70,"Music Lesson",60,6
3142,101,"Amanda Goodwin",2026-02-20,08:50,09:50,55,"Language Tutoring",60,6
3143,101,"Rosia Peck",2026-02-20,10:45,11:45,60,"Math Tutoring",60,5
3144,101,"Carla Jensen",2026-02-21,07:00,08:30,90,"Test Prep",90,8
3145,101,"Jadwiga Valencia",2026-02-21,09:25,10:25,60,"Math Tutoring",60,5
3146,101,"Khloe Anderson",2026-02-21,11:30,13:00,90,"Test Prep",90,5
3147,101,"Anastasia Martin",2026-02-21,13:45,14:45,60,"Math Tutoring",60,7
3148,101,"Lottie Doyle",2026-02-21,15:37,16:37,70,"Music Lesson",60,7
3149,101,"Eileen Fox",2026-02-22,07:00,08:00,60,"Math Tutoring",60,9
3150,101,"Shelley Hanson",2026-02-22,08:51,10:21,90,"Test Prep",90,6
3151,101,"Bennett Webb",2026-02-22,11:24,12:24,55,"Language Tutoring",60,5
3152,101,"Christene Austin",2026-02-23,07:00,08:00,60,"Math Tutoring",60,9
3153,101,"Gwendolyn Peck",2026-02-23,08:50,09:50,55,"Language Tutoring",60,6
3154,101,"Madalyn Fitzgerald",2026-02-23,10:43,12:13,90,"Test Prep",90,5
3155,101,"Lisa Reynolds",2026-02-23,13:03,14:03,70,"Music Lesson",60,8
3156,101,"Trish Mills",2026-02-24,07:00,08:00,70,"Music Lesson",60,5
3157,101,"Deirdre Baldwin",2026-02-24,08:57,09:57,55,"Language Tutoring",60,8
3158,101,"Octavia Garcia",2026-02-24,11:20,12:20,55,"Language Tutoring",60,8
3159,101,"Finn Wallace",2026-02-24,13:32,14:32,70,"Music Lesson",60,9
3160,101,"Icie Burke",2026-02-25,07:00,08:30,90,"Test Prep",90,9
3161,101,"Sunny Oliver",2026-02-25,09:57,10:57,70,"Music Lesson",60,9
3162,101,"Hannah Gibson",2026-02-25,12:19,13:19,70,"Music Lesson",60,9
3163,101,"Roslyn Randolph",2026-02-26,07:00,08:00,70,"Music Lesson",60,5
3164,101,"Kay Henderson",2026-02-26,09:16,10:16,70,"Music Lesson",60,8
3165,101,"Sybil Stanley",2026-02-26,11:09,12:39,90,"Test Prep",90,6
3166,101,"Pamala Anderson",2026-02-27,07:00,08:00,70,"Music Lesson",60,5
3167,101,"Elena Williams",2026-02-27,08:45,09:45,60,"Math Tutoring",60,5
3168,101,"Kassandra Henderson",2026-02-27,11:14,12:14,55,"Language Tutoring",60,5
3169,101,"Jestine Rasmussen",2026-02-27,13:03,14:03,55,"Language Tutoring",60,5
3170,101,"Ardis Lambert",2026-02-27,15:07,16:07,55,"Language Tutoring",60,5
3171,101,"Blanche Harmon",2026-02-28,07:00,08:00,70,"Music Lesson",60,9
3172,101,"Hope Morgan",2026-02-28,09:27,10:27,70,"Music Lesson",60,7
3173,101,"Martina Snow",2026-02-28,11:13,12:13,60,"Math Tutoring",60,5
3174,101,"Lindy Ritter",2026-02-28,13:22,14:22,60,"Math Tutoring",60,7
3175,101,"Juanita Zimmerman",2026-03-01,07:00,08:00,60,"Math Tutoring",60,5
3176,101,"Lidia Butler",2026-03-01,09:06,10:06,70,"Music Lesson",60,5
3177,101,"Kassandra Maxwell",2026-03-01,11:23,12:23,60,"Math Tutoring",60,8
3178,101,"Fay Simmons",2026-03-02,07:00,08:30,90,"Test Prep",90,5
3179,101,"Rafael Gray",2026-03-02,09:17,10:17,55,"Language Tutoring",60,5
3180,101,"Grover Logan",2026-03-02,11:04,12:34,90,"Test Prep",90,5
3181,101,"Blanca Payne",2026-03-02,13:55,14:55,60,"Math Tutoring",60,8
3182,101,"Genevieve Reynolds",2026-03-03,07:00,08:30,90,"Test Prep",90,5
3183,101,"Riley Sanchez",2026-03-03,09:44,10:44,55,"Language Tutoring",60,9
3184,101,"Daniella Kerr",2026-03-03,11:36,12:36,70,"Music Lesson",60,9
3185,101,"Mimi Perez",2026-03-03,13:55,14:55,70,"Music Lesson",60,5
3186,102,"Elodia Rivera",2026-02-02,07:00,08:00,60,"Math Tutoring",60,9
3187,102,"Flossie Wilkinson",2026-02-02,09:06,10:06,55,"Language Tutoring",60,9
3188,102,"Lottie Patrick",2026-02-02,11:03,12:03,60,"Math Tutoring",60,9
3189,102,"Catherine Foster",2026-02-02,12:51,14:21,90,"Test Prep",90,9
3190,102,"Griselda Jackson",2026-02-03,07:00,08:30,90,"Test Prep",90,9
3191,102,"Riley Benson",2026-02-03,09:15,10:15,70,"Music Lesson",60,9
3192,102,"Alva Kline",2026-02-03,11:42,12:42,60,"Math Tutoring",60,9
3193,102,"Debbie Baldwin",2026-02-03,13:46,15:16,90,"Test Prep",90,9
3194,102,"Golda Young",2026-02-06,07:00,08:00,60,"Math Tutoring",60,9
3195,102,"Cruz Hayes",2026-02-06,09:06,10:06,55,"Language Tutoring",60,9
3196,102,"Tyesha Johnston",2026-02-06,11:35,12:35,55,"Language Tutoring",60,9
3197,102,"Melodie Hendricks",2026-02-06,14:00,15:30,90,"Test Prep",90,9
3198,102,"Kaye Harvey",2026-02-08,07:00,08:00,60,"Math Tutoring",60,9
3199,102,"Joyce Day",2026-02-08,09:21,10:21,70,"Music Lesson",60,9
3200,102,"Lessie Snow",2026-02-08,11:18,12:18,70,"Music Lesson",60,9
3201,102,"Letha Harper",2026-02-08,13:47,15:17,90,"Test Prep",90,9
3202,102,"Rogelio Marshall",2026-02-08,16:42,17:42,60,"Math Tutoring",60,9
3203,102,"Janet Patrick",2026-02-15,07:00,08:30,90,"Test Prep",90,8
3204,102,"Ocie Allen",2026-02-15,09:19,10:19,60,"Math Tutoring",60,5
3205,102,"Lola Carroll",2026-02-15,11:10,12:40,90,"Test Prep",90,7
3206,102,"Elfreda Hughes",2026-02-15,13:38,15:08,90,"Test Prep",90,9
3207,102,"Leonie Frazier",2026-02-16,07:00,08:30,90,"Test Prep",90,5
3208,102,"Viola Foster",2026-02-16,09:18,10:18,55,"Language Tutoring",60,5
3209,102,"Kennedi Peck",2026-02-16,11:46,12:46,55,"Language Tutoring",60,5
3210,102,"Michele Gates",2026-02-16,13:53,14:53,55,"Language Tutoring",60,5
3211,102,"Virginia Wyatt",2026-02-16,15:54,16:54,60,"Math Tutoring",60,6
3212,102,"Hope Parks",2026-02-17,07:00,08:00,55,"Language Tutoring",60,9
3213,102,"Latoya Williamson",2026-02-17,09:15,10:15,70,"Music Lesson",60,5
3214,102,"Jillian Burns",2026-02-17,11:19,12:19,70,"Music Lesson",60,5
3215,102,"Monika Page",2026-02-17,13:12,14:12,70,"Music Lesson",60,5
3216,102,"Leslie Hughes",2026-02-18,07:00,08:00,60,"Math Tutoring",60,5
3217,102,"Owen Freeman",2026-02-18,08:46,09:46,70,"Music Lesson",60,5
3218,102,"Carolyn Livingston",2026-02-18,10:37,12:07,90,"Test Prep",90,6
3219,102,"Kaitlyn Dean",2026-02-19,07:00,08:00,70,"Music Lesson",60,5
3220,102,"Lena Rivers",2026-02-19,08:46,09:46,70,"Music Lesson",60,5
3221,102,"Bentley Cross",2026-02-19,10:43,12:13,90,"Test Prep",90,8
3222,102,"Fred Palmer",2026-02-19,13:18,14:18,60,"Math Tutoring",60,7
3223,102,"Lauri Logan",2026-02-19,15:08,16:08,55,"Language Tutoring",60,5
3224,102,"Channie Levy",2026-02-20,07:00,08:00,60,"Math Tutoring",60,8
3225,102,"Jama Ross",2026-02-20,08:53,10:23,90,"Test Prep",90,7
3226,102,"Lecia Rhodes",2026-02-20,11:30,12:30,60,"Math Tutoring",60,5
3227,102,"Mabelle Cervantes",2026-02-20,13:52,14:52,55,"Language Tutoring",60,7
3228,102,"Chasity Gutierrez",2026-02-20,15:40,16:40,60,"Math Tutoring",60,8
3229,102,"Marisol Jordan",2026-02-21,07:00,08:00,70,"Music Lesson",60,5
3230,102,"Riley Wade",2026-02-21,09:17,10:17,60,"Math Tutoring",60,6
3231,102,"Jenna Ramos",2026-02-21,11:41,13:11,90,"Test Prep",90,7
3232,102,"Marilyn May",2026-02-22,07:00,08:00,55,"Language Tutoring",60,5
3233,102,"Lea Snyder",2026-02-22,09:02,10:02,55,"Language Tutoring",60,5
3234,102,"Simone Walton",2026-02-22,11:22,12:22,55,"Language Tutoring",60,5
3235,102,"Aria Burns",2026-02-23,07:00,08:00,70,"Music Lesson",60,5
3236,102,"Karyn Hart",2026-02-23,09:11,10:41,90,"Test Prep",90,9
3237,102,"Meryl Burns",2026-02-23,12:03,13:03,60,"Math Tutoring",60,5
3238,102,"Hector Kelly",2026-02-24,07:00,08:00,70,"Music Lesson",60,8
3239,102,"Deidre Shepherd",2026-02-24,09:28,10:28,55,"Language Tutoring",60,5
3240,102,"Emma Garcia",2026-02-24,11:14,12:44,90,"Test Prep",90,7
3241,102,"Silas Roberts",2026-02-24,13:39,14:39,55,"Language Tutoring",60,5
3242,102,"Sindy Mendoza",2026-02-25,07:00,08:30,90,"Test Prep",90,5
3243,102,"Daphne Solis",2026-02-25,09:45,11:15,90,"Test Prep",90,5
3244,102,"Jennifer Peterson",2026-02-25,12:23,13:53,90,"Test Prep",90,5
3245,102,"Elliot Banks",2026-02-25,15:11,16:41,90,"Test Prep",90,7
3246,102,"Geneva Snyder",2026-02-25,17:44,18:44,70,"Music Lesson",60,5
3247,102,"Sherrie Larson",2026-02-26,07:00,08:00,60,"Math Tutoring",60,9
3248,102,"Tabitha Howard",2026-02-26,08:46,09:46,60,"Math Tutoring",60,5
3249,102,"Gianna Stuart",2026-02-26,10:45,11:45,60,"Math Tutoring",60,7
3250,102,"Shiela Cooper",2026-02-26,12:34,14:04,90,"Test Prep",90,5
3251,102,"Leonie Matthews",2026-02-26,15:23,16:53,90,"Test Prep",90,9
3252,102,"Trisha Banks",2026-02-27,07:00,08:00,70,"Music Lesson",60,9
3253,102,"Lorraine Wells",2026-02-27,09:18,10:18,70,"Music Lesson",60,5
3254,102,"Marvel Odonnell",2026-02-27,11:34,13:04,90,"Test Prep",90,7
3255,102,"Chelsie Chavez",2026-02-28,07:00,08:30,90,"Test Prep",90,8
3256,102,"Verda Webb",2026-02-28,09:19,10:19,70,"Music Lesson",60,8
3257,102,"Elna Combs",2026-02-28,11:25,12:25,55,"Language Tutoring",60,6
3258,102,"Ronna Holland",2026-03-01,07:00,08:00,70,"Music Lesson",60,7
3259,102,"Elaine Ford",2026-03-01,09:10,10:40,90,"Test Prep",90,7
3260,102,"Jodie Yoder",2026-03-01,12:06,13:36,90,"Test Prep",90,5
3261,102,"Dominique Kerr",2026-03-01,14:42,16:12,90,"Test Prep",90,8
3262,102,"Carrie Freeman",2026-03-02,07:00,08:00,60,"Math Tutoring",60,5
3263,102,"Iona Higgins",2026-03-02,08:46,09:46,55,"Language Tutoring",60,5
3264,102,"Katlyn Maxwell",2026-03-02,11:12,12:12,55,"Language Tutoring",60,6
3265,102,"Tena Rose",2026-03-03,07:00,08:00,70,"Music Lesson",60,6
3266,102,"Stella Lamb",2026-03-03,09:25,10:25,70,"Music Lesson",60,7
3267,102,"Kenya Fisher",2026-03-03,11:12,12:42,90,"Test Prep",90,8
3268,102,"Graciela Knapp",2026-03-03,13:44,14:44,70,"Music Lesson",60,8
3269,102,"Owen Freeman",2026-03-04,07:00,08:00,55,"Language Tutoring",60,5
3270,102,"Thurman Perkins",2026-03-04,09:01,10:01,60,"Math Tutoring",60,6
3271,102,"Sheri Fuller",2026-03-04,11:15,12:15,70,"Music Lesson",60,5
3272,102,"Michelle Frank",2026-03-04,13:00,14:30,90,"Test Prep",90,5
3273,102,"Heidi McGuire",2026-03-05,07:00,08:00,55,"Language Tutoring",60,5
3274,102,"Harry Stanley",2026-03-05,09:18,10:48,90,"Test Prep",90,8
3275,102,"Raina Cross",2026-03-05,12:04,13:34,90,"Test Prep",90,8
3276,102,"Janice Mitchell",2026-03-06,07:00,08:00,55,"Language Tutoring",60,5
3277,102,"Jenna Lamb",2026-03-06,09:22,10:22,55,"Language Tutoring",60,9
3278,102,"Eunice Salazar",2026-03-06,11:20,12:50,90,"Test Prep",90,5
3279,102,"Maryann Zimmerman",2026-03-06,13:38,14:38,70,"Music Lesson",60,5
3280,102,"Pam Murphy",2026-03-06,15:24,16:54,90,"Test Prep",90,5
3281,103,"Riley Lawson",2026-02-06,07:00,08:00,70,"Music Lesson",60,9
3282,103,"Loni Parks",2026-02-06,09:29,10:29,55,"Language Tutoring",60,9
3283,103,"Kandi Gordon",2026-02-06,11:22,12:22,55,"Language Tutoring",60,9
3284,103,"Josiah McGuire",2026-02-11,07:00,08:00,60,"Math Tutoring",60,9
3285,103,"Tarsha Palmer",2026-02-11,08:57,10:27,90,"Test Prep",90,9
3286,103,"Karan Bishop",2026-02-11,11:32,12:32,70,"Music Lesson",60,9
3287,103,"Iris Frank",2026-02-11,13:58,14:58,60,"Math Tutoring",60,9
3288,103,"Ione Rogers",2026-02-12,07:00,08:00,60,"Math Tutoring",60,9
3289,103,"Eugene Howard",2026-02-12,08:51,09:51,55,"Language Tutoring",60,9
3290,103,"Kaylee Palmer",2026-02-15,07:00,08:00,70,"Music Lesson",60,7
3291,103,"Hayden Mendez",2026-02-15,08:47,10:17,90,"Test Prep",90,5
3292,103,"Krysta Larson",2026-02-15,11:17,12:47,90,"Test Prep",90,5
3293,103,"Lonnie Gardner",2026-02-15,13:41,14:41,70,"Music Lesson",60,5
3294,103,"Earleen Evans",2026-02-16,07:00,08:30,90,"Test Prep",90,9
3295,103,"Levi Hunt",2026-02-16,09:44,10:44,55,"Language Tutoring",60,5
3296,103,"Mitzi Logan",2026-02-16,11:57,12:57,70,"Music Lesson",60,6
3297,103,"Jacqueline Hamilton",2026-02-16,13:45,14:45,55,"Language Tutoring",60,9
3298,103,"Stella Kline",2026-02-17,07:00,08:00,60,"Math Tutoring",60,7
3299,103,"Ione Rogers",2026-02-17,09:02,10:32,90,"Test Prep",90,9
3300,103,"Icie McBride",2026-02-18,07:00,08:00,70,"Music Lesson",60,7
3301,103,"Grover Horton",2026-02-18,08:51,09:51,55,"Language Tutoring",60,5
3302,104,"Emilee Larson",2026-02-02,07:00,08:00,55,"Language Tutoring",60,9
3303,104,"Leticia Butler",2026-02-02,08:56,09:56,55,"Language Tutoring",60,9
3304,104,"Mason Higgins",2026-02-02,11:18,12:48,90,"Test Prep",90,9
3305,104,"Sabina Butler",2026-02-08,07:00,08:30,90,"Test Prep",90,9
3306,104,"Kimberley Crane",2026-02-08,09:27,10:27,70,"Music Lesson",60,9
3307,104,"Alvina Singleton",2026-02-08,11:17,12:17,60,"Math Tutoring",60,9
3308,104,"Earline Woods",2026-02-15,07:00,08:00,60,"Math Tutoring",60,5
3309,104,"Angel James",2026-02-15,09:05,10:35,90,"Test Prep",90,5
3310,104,"Lessie Noble",2026-02-15,11:58,13:28,90,"Test Prep",90,5
3311,104,"Erma Thornton",2026-02-16,07:00,08:00,70,"Music Lesson",60,7
3312,104,"Marilyn Reynolds",2026-02-16,09:17,10:17,70,"Music Lesson",60,6
3313,104,"Tricia Wade",2026-02-16,11:47,12:47,60,"Math Tutoring",60,5
3314,104,"Gail McDaniel",2026-02-16,14:15,15:15,70,"Music Lesson",60,8
3315,104,"Sabina Butler",2026-02-17,07:00,08:00,70,"Music Lesson",60,5
3316,104,"Gerardo Wong",2026-02-17,08:48,09:48,70,"Music Lesson",60,5
3317,104,"Sandra Rivera",2026-02-17,10:56,11:56,70,"Music Lesson",60,5
3318,104,"Dora Bryant",2026-02-17,13:26,14:26,70,"Music Lesson",60,5
3319,104,"Meta Ritter",2026-02-18,07:00,08:00,60,"Math Tutoring",60,5
3320,104,"Minta Young",2026-02-18,09:20,10:20,70,"Music Lesson",60,5
3321,104,"Nancie Green",2026-02-18,11:25,12:25,60,"Math Tutoring",60,5
3322,104,"Letha Wilkinson",2026-02-19,07:00,08:30,90,"Test Prep",90,5
3323,104,"Viva Orr",2026-02-19,09:57,11:27,90,"Test Prep",90,7
3324,104,"Victor Graham",2026-02-19,12:52,14:22,90,"Test Prep",90,5
3325,104,"Celestine Valdez",2026-02-20,07:00,08:00,70,"Music Lesson",60,5
3326,104,"Earline Vaughn",2026-02-20,08:51,10:21,90,"Test Prep",90,5
3327,104,"Rene Anderson",2026-02-20,11:40,12:40,70,"Music Lesson",60,7
3328,104,"Joyce Cox",2026-02-21,07:00,08:00,70,"Music Lesson",60,7
3329,104,"Pat Wilkinson",2026-02-21,08:45,09:45,60,"Math Tutoring",60,5
3330,104,"Violet Buchanan",2026-02-21,11:07,12:37,90,"Test Prep",90,9
3331,104,"Star Vaughn",2026-02-21,14:04,15:04,70,"Music Lesson",60,5
3332,104,"Tenesha Lynch",2026-02-22,07:00,08:30,90,"Test Prep",90,7
3333,104,"Kathrine Palmer",2026-02-22,09:18,10:48,90,"Test Prep",90,5
3334,104,"Mervin Flores",2026-02-22,11:52,13:22,90,"Test Prep",90,5
3335,104,"Melva Buchanan",2026-02-22,14:46,16:16,90,"Test Prep",90,5
3336,104,"Landon Ware",2026-02-23,07:00,08:00,55,"Language Tutoring",60,5
3337,104,"Shelia Payne",2026-02-23,09:09,10:39,90,"Test Prep",90,5
3338,104,"Jeannie Weaver",2026-02-23,11:57,13:27,90,"Test Prep",90,5
3339,104,"Linus Gardner",2026-02-24,07:00,08:30,90,"Test Prep",90,6
3340,104,"Hellen Dean",2026-02-24,09:56,10:56,70,"Music Lesson",60,5
3341,104,"Manuel Shepherd",2026-02-24,12:26,13:26,55,"Language Tutoring",60,8
3342,105,"Mariann Mitchell",2026-02-06,07:00,08:30,90,"Test Prep",90,9
3343,105,"Paige Allen",2026-02-06,09:25,10:25,60,"Math Tutoring",60,9
3344,105,"Ida Harmon",2026-02-06,11:31,12:31,70,"Music Lesson",60,9
3345,105,"Priscilla Green",2026-02-08,07:00,08:00,60,"Math Tutoring",60,9
3346,105,"Max Gillespie",2026-02-08,09:28,10:28,60,"Math Tutoring",60,9
3347,105,"Debra Pate",2026-02-08,11:30,12:30,70,"Music Lesson",60,9
3348,105,"Esperanza Stuart",2026-02-08,13:17,14:17,70,"Music Lesson",60,9
3349,105,"Dominique James",2026-02-14,07:00,08:00,55,"Language Tutoring",60,9
3350,105,"Winter Newton",2026-02-14,08:45,09:45,70,"Music Lesson",60,9
3351,105,"Kenya Wheeler",2026-02-14,10:35,11:35,55,"Language Tutoring",60,9
3352,105,"Isabelle Fisher",2026-02-14,12:26,13:56,90,"Test Prep",90,9
3353,105,"Rene Anderson",2026-02-14,14:49,15:49,60,"Math Tutoring",60,9
3354,105,"Myra Harmon",2026-02-15,07:00,08:00,60,"Math Tutoring",60,5
3355,105,"Viva Diaz",2026-02-15,08:53,10:23,90,"Test Prep",90,5
3356,105,"Chase Klein",2026-02-15,11:51,13:21,90,"Test Prep",90,7
3357,105,"Mariela Hendricks",2026-02-15,14:14,15:14,55,"Language Tutoring",60,5
3358,105,"Liliana Armstrong",2026-02-16,07:00,08:30,90,"Test Prep",90,7
3359,105,"Susan Gonzales",2026-02-16,09:44,10:44,70,"Music Lesson",60,6
3360,105,"Judi Tyler",2026-02-16,11:42,12:42,55,"Language Tutoring",60,6
3361,105,"Inez Harrison",2026-02-17,07:00,08:00,55,"Language Tutoring",60,5
3362,105,"Maryanne Gillespie",2026-02-17,09:04,10:04,70,"Music Lesson",60,5
3363,105,"Fay Simmons",2026-02-17,11:10,12:10,60,"Math Tutoring",60,5
3364,105,"Beatrice Trujillo",2026-02-18,07:00,08:00,55,"Language Tutoring",60,7
3365,105,"Latanya Scott",2026-02-18,09:16,10:16,60,"Math Tutoring",60,5
3366,105,"Florence Hammond",2026-02-18,11:10,12:10,55,"Language Tutoring",60,7
3367,105,"Payton Gallagher",2026-02-19,07:00,08:00,55,"Language Tutoring",60,7
3368,105,"Candice Odonnell",2026-02-19,08:48,09:48,70,"Music Lesson",60,6
3369,105,"Bonnie Simpson",2026-02-19,11:16,12:16,70,"Music Lesson",60,5
3370,105,"Trisha Banks",2026-02-19,13:33,14:33,70,"Music Lesson",60,5
3371,105,"Lola Lopez",2026-02-19,15:29,16:29,70,"Music Lesson",60,7
3372,105,"Mae Poole",2026-02-20,07:00,08:30,90,"Test Prep",90,8
3373,105,"Tai Gilbert",2026-02-20,09:52,11:22,90,"Test Prep",90,5
3374,105,"Nannette Adams",2026-02-20,12:15,13:15,70,"Music Lesson",60,5
3375,105,"Emmie Harper",2026-02-20,14:36,15:36,70,"Music Lesson",60,6
3376,105,"Sabina Quintero",2026-02-21,07:00,08:00,70,"Music Lesson",60,5
3377,105,"Lacey Barber",2026-02-21,09:26,10:56,90,"Test Prep",90,5
3378,105,"Polly Maldonado",2026-02-21,11:54,12:54,55,"Language Tutoring",60,6
3379,105,"Maye Quinn",2026-02-21,13:52,14:52,55,"Language Tutoring",60,5
3380,105,"Mara Ruiz",2026-02-21,15:41,16:41,60,"Math Tutoring",60,5
3381,105,"Merilyn Levy",2026-02-22,07:00,08:00,55,"Language Tutoring",60,5
3382,105,"Lolita McClain",2026-02-22,09:24,10:54,90,"Test Prep",90,5
3383,105,"Willow Maxwell",2026-02-22,12:21,13:21,70,"Music Lesson",60,6
3384,105,"Janelle Alvarez",2026-02-22,14:51,15:51,55,"Language Tutoring",60,5
3385,105,"Alva Pratt",2026-02-22,16:46,18:16,90,"Test Prep",90,6
3386,105,"Maudie Stone",2026-02-23,07:00,08:00,70,"Music Lesson",60,5
3387,105,"Daphne Quintero",2026-02-23,08:51,09:51,60,"Math Tutoring",60,5
3388,105,"Jill Knapp",2026-02-23,11:05,12:05,55,"Language Tutoring",60,5
3389,105,"Rhea English",2026-02-23,13:34,14:34,60,"Math Tutoring",60,6
3390,105,"Wilfredo Dean",2026-02-23,15:47,16:47,55,"Language Tutoring",60,6